Ma_Hang,BG_LC_hien_tai,Gia_von_VAT
SP2724903,160000.0,350476.0
SP2724269,,85714.0
SP2724265,150000.0,84762.0
SP2722648,420000.0,312910.0
SP2712291,,23810.0
SP267929,150000.0,36000.0
SP2724270,43000.0,28095.0
SP2708548,104500.0,72381.0
SP402308,91900.0,80999.0
SP402283,63000.0,62685.0
SP402274,140000.0,140000.0
SP402260,119000.0,106200.0
SP402249,161000.0,152567.0
SP402244,,196900.0
SP402240,,208000.0
SP402239,57200.0,57200.0
SP402234,51000.0,40000.0
SP402205,380000.0,380000.0
SP402200,62000.0,56000.0
SP402188,447000.0,447000.0
SP402183,160000.0,160000.0
SP402181,29400.0,21478.333333333332
SP402179,23900.0,21000.0
SP402177,15000.0,15000.3
SP402163,28400.0,15540.0
SP402160,110000.0,110000.0
SP402155,96000.0,96000.33333333333
SP402148,372000.0,300000.0
SP402126,225000.0,168506.0
SP402113,22300.0,22300.0
SP402109,149000.0,132700.0
SP402106,42000.0,36750.0
SP402101,48000.0,45714.0
SP402086,33000.0,31429.0
SP402080,62000.0,63000.0
SP402079,300000.0,280000.0
SP402078,122100.0,111504.0
SP402072,429000.0,408572.0
SP402065,96000.0,90971.0
SP402059,22100.0,25316.5
SP402043,,22700.0
SP402041,275000.0,293524.0
SP402040,104800.0,104276.0
SP402037,30000.0,100000.0
SP402034,12000.0,11334.8
SP402028,24600.0,23429.0
SP402025,135000.0,135000.0
SP402017,30000.0,24500.0
SP2725824,99000.0,62037.0
SP2725538,300000.0,214196.0
SP2725488,220500.0,165000.2
SP2725483,84000.0,60000.15
SP2725477,432600.0,273374.88
SP2725454,65000.0,65000.333333333336
SP2725296,,114749.26666666666
SP2725276,130000.0,94858.0
SP2724908,5500.0,19000.4
SP2724744,250000.0,233264.0
SP2724626,149010.0,124950.0
SP2724624,105000.0,71400.0
SP2724572,234000.0,222857.0
SP2724568,60000.0,50000.0
SP2724534,119000.0,92462.0
SP2724505,295000.0,155999.5
SP2724493,48000.0,49500.0
SP2724491,358000.0,358000.0
SP2724433,216000.0,194999.66666666666
SP2724414,102000.0,39999.75
SP2724364,,153719.0
SP2724341,128000.0,105604.0
SP2724302,80000.0,45500.0
SP2724191,114000.0,108000.0
SP2724189,320000.0,320000.0
SP2724188,29000.0,12381.0
SP2724174,,322000.0
SP2724173,57200.0,61600.0
SP2724172,90000.0,90000.0
SP2724166,51000.0,45370.0
SP2724165,140000.0,140000.0
SP2724160,76000.0,52778.0
SP2724159,674250.0,501000.1
SP2724157,2054900.0,180952.0
SP2724156,54000.0,50400.0
SP2724135,450000.0,450000.0
SP2724130,199000.0,199000.0
SP2724129,,400000.0
SP2724120,85000.0,85000.0
SP2724118,128800.0,128800.5
SP2724087,309000.0,309000.0
SP2724078,194400.0,243000.0
SP2724075,25000.0,24999.875
SP2724069,126000.0,108121.5
SP2724065,81000.0,77143.0
SP2724055,,460000.0
SP2724044,,150000.0
SP2724040,333900.0,333900.0
SP2724038,318000.0,318000.0
SP2724036,98000.0,97999.5
SP2724030,100000.0,82778.0
SP2724025,200000.0,169500.0
SP2724024,41000.0,37963.0
SP2724021,39000.0,39000.0
SP2724018,220000.0,220000.0
SP2724011,990000.0,850000.0
SP2724009,55000.0,55000.0
SP2724000,72000.0,72000.0
SP2723999,114000.0,125000.0
SP2723991,150000.0,127999.0
SP2723978,,125609.0
SP2723966,,338000.3333333333
SP2723949,23240000.0,17600000.0
SP2723945,124000.0,66122.0
SP2723943,70000.0,70000.5
SP2723939,1606000.0,1530000.0
SP2723891,170000.0,180000.0
SP2723887,101000.0,76227.0
SP2723886,,74273.0
SP2723874,71400.0,55000.0
SP2723860,220000.0,210000.0
SP2723844,,113000.0
SP2723833,20000.0,20000.5
SP2723831,,150000.0
SP2723830,166920.0,141000.0
SP2723823,82000.0,80500.5
SP2723821,340000.0,325000.0
SP2723818,111000.0,100000.0
SP2723815,110000.0,110000.0
SP2723806,54000.0,46000.0
SP2723805,150000.0,150000.0
SP2723803,310000.0,299999.7
SP2723793,120000.0,114285.0
SP2723786,,276000.0
SP2723785,462000.0,83899.8
SP2723772,145000.0,125000.0
SP2723761,,464000.0
SP2723749,,105000.0
SP2723745,375000.0,375000.0
SP2723741,50000.0,50000.0
SP2723740,250000.0,250000.0
SP2723733,99000.0,105000.0
SP2723731,25500.0,21000.0
SP2723727,442000.0,467999.5
SP2723692,47000.0,47000.0
SP2723690,,141201.0
SP2723650,249000.0,249000.0
SP2723611,389990.0,364286.0
SP2723562,185000.0,175000.0
SP2723547,330000.0,234000.0
SP2723498,,140000.0
SP2723486,,470000.0
SP2723456,224100.0,224100.0
SP2723443,,210000.0
SP2723436,25000.0,24499.5
SP2723410,45000.0,45000.0
SP2723408,460000.0,460000.0
SP2723381,,105999.5
SP2723380,38000.0,23499.8
SP2723357,,45599.333333333336
SP2723355,,432000.0
SP2723352,197800.0,164800.0
SP2723339,,1240000.0
SP2723322,,405000.0
SP2723317,90000.0,78000.0
SP2723315,77000.0,80360.0
SP2723304,100000.0,100000.0
SP2723287,189660.0,146070.0
SP2723286,104000.0,97143.0
SP2723280,35000.0,35000.0
SP2723270,280000.0,280000.5
SP2723257,42000.0,42000.0
SP2723251,633600.0,660000.0
SP2723233,35000.0,35000.0
SP2723232,6000.0,5714.0
SP2723221,,335000.0
SP2723219,50000.0,47619.0
SP2723188,1010000.0,1300000.0
SP2723179,6000.0,5999.8
SP2723173,799000.0,719099.5
SP2723171,9000.0,7999.946428571428
SP2723132,598900.0,339570.0
SP2723130,121000.0,121000.0
SP2723123,180000.0,194999.66666666666
SP2723116,150000.0,150000.0
SP2723062,671000.0,670999.5
SP2723054,47000.0,43199.0
SP2723043,,24150.0
SP2723002,54000.0,36923.5
SP2722994,171000.0,136199.0
SP2722991,55000.0,55000.0
SP2722984,57600.0,19000.38888888889
SP2722965,42000.0,29167.0
SP2722956,122000.0,56310.45
SP2722954,594000.0,594001.0
SP2722949,,33600.0
SP2722931,375000.0,221561.0
SP2722928,390000.0,390000.0
SP2722925,322000.0,322000.5
SP2722914,32000.0,32000.0
SP2722909,121000.0,121000.0
SP2722905,160000.0,160000.0
SP2722903,550400.0,688000.0
SP2722900,,20370.0
SP2722879,399000.0,399000.0
SP2722823,140000.0,112000.33333333333
SP2722795,115000.0,101000.5
SP2722725,40940.0,30741.0
SP2722724,41860.0,33775.0
SP2722723,618300.0,531250.0
SP2722701,276000.0,217451.0
SP2722690,150000.0,150000.0
SP2722673,85000.0,85000.5
SP2722671,90000.0,84410.5
SP2722667,,1025000.0
SP2722660,,472000.0
SP2722607,49000.0,48000.0
SP2722592,,699000.0
SP2722590,220000.0,168698.33333333334
SP2722587,42000.0,42000.0
SP2722584,74000.0,74000.0
SP2722582,350000.0,350000.0
SP2722567,50000.0,50000.0
SP2722550,87000.0,81000.15
SP2722546,,195000.0
SP2722542,84000.0,5833.0
SP2722505,30000.0,26000.1
SP2722499,1225000.0,1000000.0
SP2722490,17000.0,17000.0
SP2722462,140000.0,140000.0
SP2722459,220000.0,230300.0
SP2722449,168000.0,160000.0
SP2722447,70000.0,59000.0
SP2722426,150000.0,150000.0
SP2722421,78000.0,78000.0
SP2722397,270000.0,241999.66666666666
SP2722377,585000.0,585000.0
SP2722375,55000.0,55000.0
SP2722334,,42000.0
SP2722328,,110000.0
SP2722307,102000.0,105000.0
SP2722299,140000.0,150000.0
SP2722292,63000.0,63000.0
SP2722288,280500.0,236610.0
SP2722283,94000.0,94000.0
SP2722274,365000.0,275000.5
SP2722233,55000.0,55000.0
SP2722213,1500000.0,1428571.0
SP2722199,,444000.0
SP2722196,748000.0,820000.0
SP2722191,115000.0,115000.0
SP2722189,58000.0,58000.0
SP2722186,480000.0,480000.0
SP2722177,130000.0,144000.0
SP2722133,,399000.0
SP2722130,,95200.0
SP2722108,40000.0,39303.0
SP2722105,2175000.0,2175000.5
SP2722103,,230000.0
SP2722100,,39000.0
SP2722099,,19000.0
SP2722098,,15000.0
SP2722092,258000.0,258000.0
SP2722084,184000.0,184000.0
SP2722052,826200.0,642600.0
SP2722050,554000.0,554000.0
SP2722048,39000.0,39000.0
SP2722033,86000.0,86000.5
SP2722030,160000.0,123000.0
SP2722019,552500.0,650000.0
SP2722014,132000.0,166901.0
SP2722001,275000.0,279990.0
SP2721997,200000.0,163440.0
SP2721988,66600.0,58500.0
SP2721979,341250.0,341250.0
SP2721977,70000.0,75000.0
SP2721974,468000.0,300000.0
SP2721964,50000.0,33321.0
SP2721962,,243100.0
SP2721953,30000.0,29999.5
SP2721946,76000.0,67585.0
SP2721943,119000.0,113333.0
SP2721939,8400.0,8399.625
SP2721924,138000.0,39000.0
SP2721923,,55000.0
SP2721896,16000.0,16000.0
SP2721892,193000.0,193001.0
SP2721887,20000.0,33000.0
SP2721869,268000.0,248999.0
SP2721865,,550000.0
SP2721862,720000.0,719999.5
SP2721832,59000.0,59000.0
SP2721824,445000.0,445000.0
SP2721818,10000.0,10000.333333333334
SP2721806,,163020.0
SP2721797,106000.0,106000.0
SP2721774,136000.0,136000.0
SP2721773,28500.0,27000.0
SP2721767,28000.0,19444.0
SP2721764,,38500.0
SP2721759,61000.0,56482.0
SP2721754,561000.0,535000.0
SP2721752,43000.0,35370.0
SP2721715,370000.0,370000.0
SP2721711,88000.0,88001.0
SP2721704,126000.0,126000.0
SP2721688,55000.0,39825.0
SP2721682,2500.0,2500.0
SP2721673,330000.0,314286.0
SP2721671,186000.0,173000.0
SP2721665,17000.0,17000.0
SP2721651,102000.0,96000.46666666666
SP2721641,264000.0,228571.0
SP2721638,945000.0,17786.6
SP2721622,173250.0,147500.0
SP2721610,45900.0,53000.0
SP2721574,52000.0,56000.0
SP2721561,520000.0,520000.0
SP2721549,120000.0,120000.5
SP2721547,450000.0,449000.0
SP2721535,27000.0,25000.0
SP2721519,162500.0,83134.0
SP2721504,490000.0,490000.0
SP2721503,1700000.0,1700000.0
SP2721494,19000.0,19000.0
SP2721492,390000.0,383999.5
SP2721478,675000.0,675000.0
SP2721473,425000.0,410000.0
SP2721472,16500.0,16499.8
SP2721464,38000.0,37999.6
SP2721451,38000.0,38000.0
SP2721443,105000.0,105000.0
SP2721442,74000.0,73899.0
SP2721439,,219048.0
SP2721428,11000.0,5238.0
SP2721420,132000.0,132000.0
SP2721416,27000.0,27000.0
SP2721410,72000.0,71999.5
SP2721407,23000.0,17850.0
SP2721404,150000.0,126449.0
SP2721400,70000.0,34100.0
SP2721334,460000.0,460000.0
SP2721332,298000.0,297999.5
SP2721314,60000.0,41895.0
SP2721299,90000.0,90000.0
SP2721286,32000.0,32000.5
SP2721278,210000.0,210000.0
SP2721256,154000.0,146667.0
SP2721250,,385001.0
SP2721226,62000.0,62000.0
SP2721221,,154400.0
SP2721207,280000.0,266667.0
SP2721191,55000.0,55000.1
SP2721187,55000.0,55000.0
SP2721181,22500.0,22500.5
SP2721175,280500.0,280500.0
SP2721142,306000.0,320000.0
SP2721141,20750001.0,2075001.0
SP2721133,27500.0,12.0
SP2721130,13000.0,13000.0
SP2721118,37000.0,33999.0
SP2721117,37000.0,36999.666666666664
SP2721083,65000.0,65000.5
SP2721074,,292000.0
SP2721068,21000.0,20000.5
SP2721067,230000.0,205021.0
SP2721054,21600.0,21600.0
SP2721043,175000.0,152999.7
SP2721042,535000.0,535000.0
SP2720953,98000.0,98000.0
SP2720949,56000.0,43000.0
SP2720943,18000.0,16499.714285714286
SP2720939,8000.0,84511.0
SP2720905,255000.0,255000.0
SP2720903,,16476.0
SP2720888,95000.0,
SP2720886,50990.0,34921.0
SP2720864,80000.0,80000.0
SP2720860,69000.0,69000.0
SP2720828,250000.0,250000.0
SP2720814,415000.0,970000.0
SP2720802,90000.0,159999.0
SP2720752,110000.0,109999.0
SP2720741,189660.0,171467.0
SP2720736,280000.0,205000.0
SP2720695,200000.0,200000.0
SP2720679,381000.0,381000.0
SP2720653,20800.0,20000.0
SP2720652,39000.0,77220.0
SP2720651,270000.0,270000.0
SP2720641,380000.0,380000.0
SP2720609,165000.0,164175.0
SP2720607,272000.0,222019.0
SP2720566,125000.0,125000.0
SP2720562,25000.0,19000.0
SP2720495,,16000.2
SP2720493,155000.0,165000.0
SP2720489,,27000.0
SP2720476,90000.0,60000.0
SP2720444,,230000.0
SP2720426,419000.0,419000.0
SP2720391,,448662.0
SP2720389,,138889.0
SP2720343,458000.0,458000.0
SP2720342,330000.0,330000.3333333333
SP2720340,129000.0,129000.0
SP2720334,82000.0,82000.0
SP2720324,90000.0,98000.0
SP2720315,195000.0,171428.0
SP2720309,156000.0,156000.0
SP2720306,,71000.0
SP2720299,610000.0,542857.0
SP2720290,48000.0,31013.0
SP2720288,,89000.0
SP2720287,230000.0,194999.5
SP2720276,2535000.0,2400000.0
SP2720244,385000.0,384999.0
SP2720240,562000.0,585000.0
SP2720208,49000.0,45000.0
SP2720203,53000.0,52999.75
SP2720193,50000.0,39704.0
SP2720192,185000.0,176190.0
SP2720188,160000.0,340000.0
SP2720172,,49000.0
SP2720150,11000.0,6481.0
SP2720149,13000.0,7727.0
SP2720131,147200.0,181599.75
SP2720119,140000.0,140000.0
SP2720094,265000.0,246900.0
SP2720084,5250.0,5000.0
SP2720051,,75000.0
SP2720048,,46000.0
SP2719998,260000.0,345000.0
SP2719994,,359000.0
SP2719985,105000.0,105000.0
SP2719951,125000.0,119048.0
SP2719939,37000.0,31733.1
SP2719932,57000.0,57000.0
SP2719926,,173000.0
SP2719925,30000.0,28571.0
SP2719923,127000.0,91362.6
SP2719921,2049000.0,1990000.0
SP2719903,49500.0,62962.0
SP2719874,11000.0,11000.0
SP2719865,110000.0,110000.0
SP2719855,335000.0,335000.0
SP2719847,112000.0,140000.0
SP2719841,200000.0,200000.0
SP2719835,555300.0,555300.0
SP2719825,,64999.833333333336
SP2719823,339000.0,339000.0
SP2719801,330000.0,380000.0
SP2719799,61500.0,46124.5
SP2719792,,143905.0
SP2719781,60000.0,59700.0
SP2719772,343000.0,326666.0
SP2719763,38000.0,37999.8
SP2719738,219000.0,219800.0
SP2719710,154000.0,153999.33333333334
SP2719701,65000.0,50999.75
SP2719681,15000.0,15377.0
SP2719663,30000.0,28815.0
SP2719656,470000.0,420000.0
SP2719641,319000.0,319000.0
SP2719625,80000.0,79999.66666666667
SP2719607,443900.0,443900.0
SP2719598,14000.0,9999.733333333334
SP2719592,32000.0,32000.0
SP2719562,250000.0,249999.66666666666
SP2719541,57000.0,58000.0
SP2719529,,46001.0
SP2719528,,184999.66666666666
SP2719453,280000.0,280000.0
SP2719444,1870000.0,1869999.75
SP2719416,28500.0,26300.2
SP2719364,,42000.11111111111
SP2719329,126000.0,126000.0
SP2719323,1050000.0,1049999.6666666667
SP2719294,16000.0,152381.0
SP2719288,,142000.0
SP2719282,325000.0,293021.4
SP2719221,100800.0,113400.0
SP2719199,215000.0,90000.0
SP2719194,48000.0,45477.0
SP2719188,,150000.0
SP2719183,17000.0,17000.0
SP2719169,22000.0,21780.0
SP2719164,48000.0,28620.0
SP2719140,409000.0,409000.0
SP2719136,,36000.0
SP2719118,185000.0,176190.0
SP2719101,68500.0,53000.0
SP2719095,103500.0,98571.0
SP2719092,54000.0,53729.6
SP2719068,,18519.0
SP2719066,150000.0,149999.83333333334
SP2719064,497000.0,497000.0
SP2719053,142800.0,142800.0
SP2719044,256000.0,255999.0
SP2719033,17333.0,18500.0
SP2719020,,399200.0
SP2719019,,66000.0
SP2719013,,69000.2
SP2719010,14500.0,14500.5
SP2718998,192000.0,151117.0
SP2718996,,246510.0
SP2718986,,261905.0
SP2718980,244800.0,75000.0
SP2718978,130000.0,130000.5
SP2718971,14000.0,11499.85
SP2718969,273000.0,273000.0
SP2718968,99000.0,99000.0
SP2718954,63000.0,59000.5
SP2718944,291000.0,290999.0
SP2718943,364000.0,346666.0
SP2718933,209000.0,208999.0
SP2718907,60000.0,70000.0
SP2718888,58000.0,57999.9
SP2718886,222000.0,222000.5
SP2718884,,45400.0
SP2718865,190000.0,160000.0
SP2718861,195000.0,150653.0
SP2718852,,87000.0
SP2718837,108000.0,96000.5
SP2718792,23800.0,22499.5
SP2718759,670000.0,360000.0
SP2718757,440000.0,393500.0
SP2718753,42000.0,34000.0
SP2718732,61000.0,39226.0
SP2718726,350000.0,350000.0
SP2718705,261000.0,247343.0
SP2718703,382000.0,382000.0
SP2718694,42000.0,41900.0
SP2718668,138000.0,137999.0
SP2718652,,160000.0
SP2718651,123750.0,77501.0
SP2718644,,800000.0
SP2718636,130000.0,130001.0
SP2718632,68000.0,52999.8
SP2718560,12000.0,8940.0
SP2718504,115000.0,115000.0
SP2718489,40800.0,49000.0
SP2718452,92000.0,92000.0
SP2718450,,59259.0
SP2718445,,54680.5
SP2718442,24500.0,18091.0
SP2718432,21500.0,19599.8
SP2718414,30000.0,30000.0
SP2718383,100000.0,60833.0
SP2718377,26000.0,21467.0
SP2718368,120000.0,120000.0
SP2718364,,69905.0
SP2718341,12500.0,18735.875
SP2718337,337000.0,336999.5
SP2718321,825000.0,1300000.0
SP2718319,441000.0,530000.0
SP2718297,131000.0,124761.0
SP2718269,,52500.0
SP2718267,350000.0,350000.0
SP2718262,123000.0,175000.0
SP2718260,105000.0,105000.0
SP2718253,,80000.0
SP2718252,380000.0,380000.0
SP2718236,638100.0,638100.0
SP2718206,165000.0,165000.0
SP2718204,90000.0,89999.5
SP2718201,76000.0,51852.0
SP2718171,,276457.5
SP2718133,70000.0,70000.0
SP2718128,44500.0,44277.0
SP2718126,44500.0,39999.8
SP2718087,25000.0,20889.766666666666
SP2718063,45000.0,45899.5
SP2718053,48000.0,48000.0
SP2718043,726000.0,726000.0
SP2718040,65000.0,65000.5
SP2718029,,120833.66666666667
SP2718011,50000.0,50000.0
SP2717997,80500.0,105000.0
SP2717937,24000.0,25600.333333333332
SP2717908,369000.0,368000.0
SP2717898,642600.0,540833.0
SP2717885,325000.0,275374.0
SP2717883,200000.0,200000.0
SP2717881,28000.0,28000.0
SP2717851,105000.0,430000.0
SP2717847,24180.0,16444.0
SP2717843,120000.0,120000.0
SP2717840,170000.0,170000.2
SP2717836,,89999.5
SP2717832,46750.0,55023.0
SP2717825,27000.0,17528.333333333332
SP2717823,49300.0,38965.375
SP2717821,19000.0,16199.666666666666
SP2717795,240000.0,172517.0
SP2717779,11000.0,6481.0
SP2717767,343000.0,171499.5
SP2717746,325000.0,325000.0
SP2717738,132000.0,131999.75
SP2717735,340000.0,314815.0
SP2717732,193000.0,163404.0
SP2717727,,56429.0
SP2717726,,92400.0
SP2717718,198000.0,198000.0
SP2717715,84000.0,65714.0
SP2717680,140000.0,129630.0
SP2717677,,320000.0
SP2717666,,989999.0
SP2717655,93380.0,47777.0
SP2717651,172500.0,175000.0
SP2717648,65000.0,61905.0
SP2717635,450000.0,450000.0
SP2717620,462000.0,458695.0
SP2717619,80000.0,80001.0
SP2717592,157500.0,157500.0
SP2717577,125000.0,118452.0
SP2717548,135000.0,121905.0
SP2717487,1510880.0,1466667.0
SP2717417,12000.0,9250.475
SP2717362,200000.0,147024.0
SP2717350,308000.0,285619.0
SP2717347,21000.0,21000.0
SP2717288,176550.0,176549.0
SP2717280,1155000.0,1155000.0
SP2717235,4750000.0,3550000.0
SP2717232,20400.0,18900.0
SP2717213,236000.0,236000.0
SP2717174,90000.0,85714.0
SP2717145,182000.0,183600.0
SP2717131,119000.0,118404.0
SP2717128,270000.0,270000.0
SP2717106,105000.0,95565.0
SP2717100,265000.0,240000.0
SP2717091,90000.0,89100.0
SP2717072,128100.0,121381.0
SP2717048,270000.0,270000.0
SP2717047,288000.0,260000.0
SP2717044,260000.0,260000.0
SP2717039,,238800.0
SP2717010,48000.0,40000.0
SP2717002,20000.0,17346.0
SP2716980,,148000.0
SP2716976,1372000.0,1372000.0
SP2716926,399000.0,397005.0
SP2716913,1275000.0,1274999.0
SP2716884,272000.0,271999.0
SP2716879,400000.0,370000.0
SP2716866,802500.0,802500.0
SP2716865,130000.0,126000.0
SP2716861,502000.0,499489.0
SP2716852,140000.0,140000.0
SP2716836,101000.0,79137.0
SP2716834,108000.0,108000.0
SP2716833,56000.0,51852.0
SP2716789,15000.0,15000.0
SP2716725,11200.0,11424.0
SP2716712,117000.0,103481.0
SP2716710,115000.0,104000.0
SP2716705,240000.0,215000.0
SP2716692,131000.0,120000.0
SP2716687,,372999.5
SP2716677,,86666.0
SP2716676,55000.0,46060.0
SP2716672,,2200000.0
SP2716638,117000.0,74999.66666666667
SP2716637,70000.0,73000.0
SP2716591,,159999.84
SP2716543,385000.0,385000.0
SP2716537,24000.0,22857.0
SP2716529,51000.0,46000.5
SP2716511,409600.0,512000.0
SP2716486,37000.0,37000.0
SP2716459,294000.0,204033.0
SP2716443,30000.0,28571.0
SP2716435,385000.0,385000.0
SP2716422,390000.0,390000.0
SP2716411,438000.0,445000.0
SP2716400,238000.0,238000.0
SP2716383,665000.0,664999.5
SP2716381,249000.0,249000.0
SP2716345,147000.0,154000.0
SP2716322,38400.0,38400.0
SP2716275,545000.0,545000.0
SP2716243,325000.0,325000.0
SP2716235,500000.0,500000.0
SP2716223,,105000.0
SP2716218,402000.0,389887.0
SP2716166,550000.0,190000.0
SP2716163,330000.0,222000.0
SP2716143,180000.0,180000.0
SP2716139,150000.0,67500.3
SP2716105,,1080000.0
SP2716097,11600.0,750000.0
SP2716084,300000.0,300000.0
SP2716078,200000.0,132326.25
SP2716072,336000.0,334320.0
SP2716001,268000.0,268000.0
SP2715997,171360.0,110925.0
SP2715988,23000.0,23000.0
SP2715986,330000.0,275000.0
SP2715983,300000.0,300000.0
SP2715969,369000.0,369000.0
SP2715966,,495000.0
SP2715953,2300000.0,3100000.0
SP2715951,165000.0,164175.0
SP2715929,446000.0,446000.0
SP2715915,375000.0,
SP2715904,286000.0,285999.0
SP2715882,15000.0,15000.333333333334
SP2715859,269000.0,269000.0
SP2715840,58000.0,55238.0
SP2715827,279980.0,279980.0
SP2715812,65000.0,73148.0
SP2715785,348900.0,293000.0
SP2715782,29000.0,29000.0
SP2715725,84900.0,57999.9
SP2715711,139000.0,130000.0
SP2715694,120450.0,105000.0
SP2715686,315000.0,350000.0
SP2715677,65000.0,58670.0
SP2715622,410000.0,390476.0
SP2715621,325000.0,325000.0
SP2715619,55000.0,54999.0
SP2715607,418000.0,418000.0
SP2715597,130000.0,130000.0
SP2715586,4200000.0,4200000.0
SP2715579,418000.0,418000.0
SP2715562,363000.0,294999.5
SP2715545,28000.0,27000.0
SP2715539,120000.0,120004.0
SP2715524,32000.0,32000.0
SP2715520,386000.0,337999.2
SP2715505,945000.0,301714.0
SP2715496,335000.0,250000.0
SP2715457,217000.0,199751.0
SP2715420,21600.0,26000.0
SP2715419,12000.0,12000.0
SP2715410,40000.0,44000.0
SP2715407,35000.0,22683.0
SP2715386,10000.0,78000.4
SP2715364,,400000.0
SP2715363,38000.0,27000.0
SP2715322,215000.0,213925.0
SP2715315,10000.0,9426.0
SP2715310,795000.0,757143.0
SP2715303,20200.0,20200.0
SP2715301,192000.0,83697.8
SP2715288,16000.0,6500.0
SP2715272,82000.0,80000.0
SP2715251,43000.0,39199.666666666664
SP2715237,510000.0,510000.0
SP2715222,30000.0,28900.333333333332
SP2715207,,4500.0
SP2715200,150000.0,94500.0
SP2715187,108000.0,108000.0
SP2715184,,289999.5
SP2715162,,15500.0
SP2715154,450000.0,435900.0
SP2715141,550000.0,950000.0
SP2715121,,67500.0
SP2715043,209400.0,199429.0
SP2715040,,1800000.0
SP2715038,419000.0,394000.0
SP2715027,50000.0,58000.0
SP2715020,,210000.0
SP2715018,712000.0,706666.0
SP2715016,355500.0,395000.0
SP2715007,149000.0,105691.0
SP2714990,137000.0,137000.0
SP2714981,147000.0,139999.5
SP2714979,202000.0,202000.0
SP2714950,165000.0,165000.0
SP2714947,65000.0,60184.0
SP2714924,119000.0,119000.0
SP2714909,,2050000.0
SP2714907,270000.0,270000.0
SP2714889,150000.0,150000.0
SP2714869,65000.0,65000.0
SP2714868,240000.0,240000.0
SP2714866,250000.0,250000.0
SP2714861,27000.0,23143.0
SP2714842,211650.0,248999.0
SP2714834,115000.0,115000.0
SP2714826,300000.0,285714.0
SP2714821,384000.0,383999.5
SP2714813,656000.0,640000.0
SP2714760,,370000.0
SP2714757,78000.0,51724.0
SP2714754,15000.0,15000.5
SP2714735,360000.0,360000.0
SP2714732,107000.0,105413.0
SP2714670,117000.0,111432.0
SP2714628,23000.0,19550.0
SP2714626,42000.0,30400.0
SP2714619,1200000.0,1000000.0
SP2714587,220000.0,220000.0
SP2714577,76000.0,76000.0
SP2714553,,121000.0
SP2714538,1608000.0,1250000.0
SP2714482,88000.0,87999.0
SP2714481,360000.0,315000.0
SP2714469,430000.0,430000.2
SP2714450,72000.0,63048.0
SP2714433,,245999.0
SP2714421,205000.0,205000.0
SP2714419,115000.0,115000.0
SP2714406,509600.0,480000.0
SP2714403,570000.0,570000.0
SP2714392,210000.0,208950.0
SP2714359,21000.0,20000.0
SP2714295,47000.0,47000.0
SP2714229,22000.0,21999.5
SP2714222,98000.0,88200.0
SP2714215,8000.0,7618.0
SP271416,204000.0,169000.0
SP2714094,42000.0,39774.0
SP2714092,190000.0,189999.6
SP271406,,37400.0
SP2714024,107000.0,62499.63333333333
SP2713960,53550.0,50000.0
SP2713954,135000.0,120000.0
SP271395,51500.0,43500.0
SP2713904,95000.0,90476.0
SP2713883,80000.0,65100.0
SP2713879,40000.0,47250.0
SP2713812,66000.0,50000.0
SP2713802,165000.0,165000.0
SP2713795,560000.0,175000.0
SP2713783,357000.0,357000.0
SP2713774,,12000.4
SP2713770,10000.0,8400.0
SP2713765,138000.0,138000.0
SP2713749,15000.0,15750.0
SP2713734,110000.0,100000.0
SP2713728,579900.0,541030.0
SP2713724,130000.0,142572.0
SP2713696,106000.0,102800.33333333333
SP2713673,4000.0,2400.3333333333335
SP271365,189000.0,180000.0
SP2713609,,337963.0
SP2713564,34300.0,29619.0
SP2713542,50400.0,46584.5
SP2713529,325000.0,367800.5
SP2713418,17000.0,15650.333333333334
SP2713359,150000.0,150000.0
SP2713358,68000.0,68000.0
SP271334,220000.0,220000.0
SP271331,239990.0,255000.0
SP2713293,34200.0,45500.0
SP271329,53000.0,46966.0
SP2713286,35000.0,16985.0
SP2713269,96000.0,85000.0
SP2713248,45000.0,45000.0
SP2713227,44800.0,57000.5
SP2713215,390000.0,388611.3333333333
SP2713208,550000.0,550001.0
SP2713205,386000.0,397400.0
SP2713198,445000.0,464112.5
SP2713195,420000.0,420000.0
SP2713184,40000.0,40000.0
SP2713183,252000.0,228000.18181818182
SP271318,19000.0,19000.0
SP2713155,13000.0,10500.0
SP2713145,42000.0,42000.0
SP2713135,17000.0,17000.5
SP2713124,182010.0,182010.0
SP2713121,308000.0,300000.0
SP2713108,220000.0,170000.2
SP2713104,14000.0,10389.0
SP2713096,400000.0,450000.0
SP2713093,25000.0,15000.3
SP2713078,331000.0,331000.0
SP2713073,120000.0,120000.0
SP2713061,70000.0,7000.3
SP2713057,186000.0,186000.0
SP271305,115000.0,114999.0
SP2713040,49000.0,55000.0
SP2712987,250000.0,220000.0
SP2712956,858000.0,853710.0
SP2712940,,3510.1414141414143
SP2712935,264000.0,264000.0
SP2712931,165000.0,157142.0
SP2712901,,412000.0
SP2712854,400000.0,417000.0
SP2712850,55000.0,44953.0
SP2712828,78300.0,70000.0
SP2712818,285600.0,266000.0
SP2712787,,184768.5
SP2712760,28000.0,24945.0
SP2712749,261000.0,260999.5
SP2712745,,280000.0
SP2712739,60000.0,60000.0
SP2712729,108000.0,108000.0
SP2712716,168000.0,168000.0
SP271270,303000.0,303000.0
SP2712695,20000.0,20000.4
SP2712692,41000.0,45000.0
SP2712683,117000.0,117000.0
SP2712681,77000.0,75600.0
SP2712675,298956.0,298956.0
SP2712664,21900.0,20000.5
SP2712656,60000.0,60000.0
SP2712653,182700.0,182700.0
SP271264,48000.0,48000.0
SP2712634,141000.0,128571.0
SP2712629,180000.0,189000.0
SP2712584,170000.0,170000.0
SP2712582,27000.0,138889.0
SP2712581,300000.0,300000.0
SP271258,38900.0,37048.0
SP2712579,185000.0,170000.0
SP2712552,274400.0,274400.0
SP2712543,510000.0,510000.0
SP2712535,550000.0,549999.0
SP2712521,127000.0,127000.0
SP2712503,60500.0,55000.0
SP271250,220000.0,151000.0
SP2712482,68640.0,57570.0
SP2712475,26000.0,25000.5
SP271247,11000.0,11550.0
SP2712468,87000.0,87000.0
SP2712461,27600.0,27600.0
SP2712440,38700.0,29654.0
SP2712424,25000.0,25000.0
SP2712423,255000.0,246000.0
SP2712403,150000.0,137185.66666666666
SP2712390,360000.0,360000.0
SP2712344,20000.0,17378.25
SP2712342,42000.0,35999.5
SP2712340,42000.0,38000.0
SP2712325,78300.0,55050.4
SP271232,430000.0,430000.0
SP2712319,18000.0,18000.0
SP2712283,215000.0,211835.33333333334
SP2712242,93000.0,92999.5
SP2712231,209900.0,198905.0
SP2712225,515000.0,515000.0
SP2712224,110000.0,110000.0
SP2712221,,350000.0
SP2712218,125000.0,97499.9
SP2712217,215000.0,175000.0
SP2712216,520000.0,426508.0
SP2712207,75000.0,4799.566666666667
SP2712206,35970.0,35099.0
SP2712174,,182000.33333333334
SP2712173,,193519.0
SP2712162,,30476.0
SP2712140,27000.0,26999.8
SP2712129,20000.0,17000.5
SP2712127,29000.0,20000.0
SP2712119,200000.0,165000.2
SP2712117,24000.0,23999.85
SP2712116,347700.0,366000.0
SP2712114,145000.0,145000.0
SP2712105,,49000.0
SP2712099,,393581.0
SP2712092,35000.0,35000.0
SP2712085,,275500.0
SP2712084,84500.0,84500.0
SP2712080,82000.0,68000.0
SP2712074,58000.0,49801.70632
SP2712046,125000.0,119048.0
SP2712045,103000.0,120000.0
SP2712035,40000.0,40000.0
SP2712034,392000.0,322000.0
SP2712006,54000.0,55000.0
SP2711927,99000.0,75000.0
SP271192,160000.0,160000.05
SP2711913,58000.0,58000.0
SP2711910,111300.0,102484.0
SP2711902,55250.0,
SP2711897,55000.0,55000.0
SP2711895,35600.0,35600.0
SP2711886,144000.0,134700.5
SP2711873,52000.0,72000.0
SP2711871,245000.0,138000.0
SP2711854,130000.0,164000.0
SP271185,48000.0,48000.0
SP2711843,115000.0,111224.0
SP2711834,16000.0,13333.0
SP2711821,,73800.0
SP2711802,193000.0,193000.0
SP2711790,43000.0,39815.0
SP2711784,279000.0,278999.5
SP2711766,618800.0,618800.0
SP2711753,205000.0,205000.0
SP2711749,560000.0,574338.0
SP2711745,222000.0,210000.0
SP2711729,43000.0,43000.0
SP2711726,150000.0,150000.0
SP271172,249000.0,229000.0
SP271171,,179250.0
SP271169,,180000.0
SP2711677,396000.0,396000.0
SP2711670,245000.0,219060.5
SP2711664,,9167.0
SP2711655,340000.0,340001.0
SP2711632,,225250.0
SP271163,228000.0,212995.0
SP2711628,12000.0,11429.0
SP2711620,23000.0,22285.0
SP2711610,828000.0,827999.6666666666
SP2711606,131000.0,190000.0
SP2711601,414960.0,414960.0
SP271159,,40000.0
SP2711589,15000.0,8400.0
SP2711586,32000.0,31438.0
SP2711581,640000.0,640000.0
SP2711572,345000.0,520000.0
SP2711569,692000.0,690000.0
SP2711565,135000.0,179999.0
SP2711550,20000.0,20000.5
SP271155,64000.0,57429.0
SP2711549,135000.0,135000.0
SP271154,90000.0,89999.66666666667
SP2711539,5200.0,5199.6
SP2711529,138000.0,137899.75
SP2711508,110000.0,100000.0
SP2711493,210000.0,210000.0
SP2711491,385000.0,340952.0
SP2711479,958500.0,969000.0
SP2711471,30000.0,25055.66146
SP2711467,104000.0,104000.5
SP2711454,,129630.0
SP2711451,50000.0,50000.0
SP2711435,297000.0,199999.8
SP2711398,555000.0,558000.45
SP2711384,730000.0,730000.0
SP2711382,451000.0,402000.0
SP271137,30000.0,33000.0
SP271136,52800.0,50286.0
SP2711347,30000.0,25000.5
SP2711334,227900.0,226761.25
SP2711322,143000.0,145000.0
SP2711321,618800.0,618800.0
SP2711276,53000.0,53000.0
SP2711270,,169999.6
SP271127,67000.0,68999.5
SP2711266,400000.0,440000.0
SP2711257,600000.0,640000.0
SP2711234,,118400.0
SP2711225,241600.0,241600.0
SP2711213,135000.0,1500000.0
SP271120,105000.0,105000.0
SP2711191,450000.0,428571.0
SP2711156,,128000.0
SP2711152,,280000.0
SP2711141,343000.0,342900.0
SP2711140,140000.0,139999.66666666666
SP2711134,354900.0,353126.0
SP2711116,165000.0,164174.75
SP2711104,940000.0,870000.0
SP2711094,,200281.0
SP2711089,145000.0,124703.66666666667
SP2711079,124950.0,124950.0
SP2711074,73000.0,77000.0
SP2711068,415800.0,211429.0
SP2711059,24000.0,18585.0
SP271105,174000.0,174000.0
SP2711049,78000.0,77220.25
SP2710998,,138095.0
SP2710992,110000.0,
SP2710991,75000.0,40524.0
SP2710989,34000.0,34000.0
SP2710984,70000.0,65254.0
SP271097,80000.0,65999.8
SP2710965,95000.0,88000.5
SP2710964,,32000.0
SP2710958,63600.0,62000.4
SP2710956,55000.0,55000.0
SP2710951,160000.0,160000.0
SP2710949,,140000.4
SP2710948,329000.0,54000.5
SP2710946,40500.0,44000.2
SP2710945,68000.0,68000.0
SP271093,15500.0,14629.0
SP2710925,79000.0,79000.0
SP2710924,11000.0,190000.0
SP2710920,130000.0,130001.0
SP271092,21000.0,17000.0
SP2710912,185000.0,185000.0
SP2710906,43000.0,42999.5
SP2710894,60000.0,59075.0
SP2710892,239500.0,239500.0
SP2710860,88600.0,210000.0
SP271086,,28007.0
SP2710857,351000.0,351000.0
SP2710848,6000.0,5775.0
SP2710845,265000.0,265000.0
SP2710842,108000.0,102857.0
SP2710801,140000.0,94999.75
SP2710780,150000.0,138297.0
SP271078,24500.0,22299.8
SP2710752,114000.0,88001.0
SP2710743,84000.0,84000.0
SP2710740,224000.0,180000.0
SP2710738,6000.0,5999.7
SP2710706,121500.0,114286.0
SP2710695,115000.0,95000.0
SP2710694,32000.0,25000.0
SP2710693,261000.0,260999.66666666666
SP271069,44400.0,44400.0
SP2710689,75000.0,75000.5
SP2710686,51000.0,49100.0
SP2710679,245000.0,233333.0
SP271067,39000.0,29400.0
SP2710666,591200.0,412724.0
SP2710653,224000.0,217000.0
SP2710650,12000.0,242332.95
SP2710639,235000.0,154200.0
SP2710635,1550000.0,1476190.0
SP2710632,510000.0,460001.0
SP271063,255000.0,214286.0
SP2710621,285600.0,297626.6666666667
SP2710587,339000.0,339000.0
SP2710584,295000.0,295000.0
SP2710570,5000.0,565000.0
SP2710567,128000.0,113000.0
SP2710560,20000.0,19048.0
SP2710550,170000.0,170000.0
SP2710547,95800.0,102000.0
SP2710545,316500.0,316499.0
SP2710540,228000.0,216000.0
SP2710531,28700.0,28700.0
SP2710529,156000.0,152000.0
SP2710521,87000.0,69000.0
SP2710508,292000.0,290539.0
SP2710498,205000.0,184999.6
SP271049,29500.0,21069.0
SP2710483,670000.0,264999.5
SP2710479,270000.0,475000.0
SP2710465,330000.0,314286.0
SP2710434,126000.0,126000.0
SP2710428,108000.0,104000.5
SP271042,68500.0,66500.0
SP2710410,26000.0,18960.0
SP2710408,476000.0,476000.0
SP2710367,22000.0,21999.5
SP2710345,109000.0,54897.0
SP2710327,930000.0,900000.0
SP2710321,128990.0,128990.0
SP2710304,286000.0,272383.0
SP2710275,160000.0,160001.0
SP2710270,3695.0,132334.66666666666
SP271026,280000.0,80000.0
SP2710247,106500.0,106500.0
SP271024,,132826.4
SP2710233,115000.0,120000.2
SP2710219,460000.0,438095.0
SP2710202,145600.0,145600.0
SP2710196,100000.0,100000.0
SP2710154,179000.0,156481.0
SP2710149,80000.0,79999.5
SP2710145,41000.0,40795.0
SP271012,59000.0,51159.625
SP2710118,170000.0,189999.6
SP2710111,220400.0,220400.5
SP271011,72000.0,64296.8
SP2710101,151200.0,143280.0
SP2710094,44000.0,44000.0
SP271009,36000.0,35999.5
SP2710059,31000.0,26000.0
SP2710032,330000.0,520000.0
SP2710027,215000.0,182000.0
SP2710007,127500.0,111024.0
SP2710001,53000.0,54896.0
SP2710000,295000.0,285844.0
SP2709997,234800.0,225076.0
SP2709994,48000.0,161700.0
SP2709983,6000.0,6000.0
SP2709961,68000.0,62963.0
SP270996,22330.0,19450.8
SP270995,59000.0,58000.0
SP2709943,790000.0,525000.0
SP2709929,88000.0,88001.0
SP2709926,355000.0,338095.0
SP2709920,80000.0,80000.0
SP2709916,60000.0,46000.0
SP2709906,,37037.0
SP2709895,22500.0,21322.0
SP2709883,55000.0,64999.75
SP270988,210000.0,166660.0
SP2709875,284500.0,284500.0
SP2709874,,689001.0
SP2709846,21000.0,17124.0
SP2709836,140000.0,139999.5
SP2709833,145000.0,272999.0
SP2709830,618000.0,618000.0
SP2709828,,94000.0
SP2709819,190000.0,180952.0
SP2709817,50000.0,50000.0
SP2709810,196000.0,210000.0
SP2709804,68000.0,67999.0
SP2709774,108000.0,135000.0
SP2709770,250000.0,248750.0
SP2709763,522000.0,521999.0
SP2709747,234000.0,234000.0
SP2709732,126000.0,121499.72
SP2709723,37800.0,26860.0
SP2709717,290000.0,236872.0
SP2709710,7700.0,385000.5
SP2709696,376400.0,376400.0
SP2709687,,264999.6666666667
SP2709686,,267000.0
SP2709676,43500.0,43500.5
SP2709671,,49083.333333333336
SP2709666,77000.0,77000.0
SP2709660,770000.0,769999.5
SP2709657,270000.0,270000.0
SP2709651,39000.0,39000.142857142855
SP2709649,70000.0,54400.4
SP2709640,99000.0,75000.0
SP2709630,189000.0,189000.0
SP2709614,195500.0,137037.0
SP270961,90000.0,72685.0
SP2709602,89600.0,89601.0
SP2709597,1551000.0,1551000.0
SP2709585,40000.0,28571.0
SP2709583,112000.0,112000.0
SP2709567,589000.0,535000.0
SP2709565,115000.0,98846.0
SP2709551,518000.0,540000.0
SP2709545,19800.0,
SP2709536,49900.0,49900.0
SP2709532,339000.0,339000.0
SP270953,47000.0,34650.0
SP2709518,58000.0,58000.0
SP2709514,70000.0,66667.0
SP2709507,95000.0,94989.0
SP2709503,144000.0,100000.0
SP2709497,106000.0,101845.66666666667
SP2709494,128990.0,122847.0
SP2709492,565000.0,586758.0
SP270949,60000.0,30000.0
SP2709485,18000.0,18000.0
SP2709484,31000.0,22381.0
SP2709482,,30000.0
SP2709481,69000.0,58000.0
SP2709480,230000.0,219048.0
SP2709479,205000.0,189000.0
SP2709454,30000.0,25000.0
SP2709453,66000.0,62857.0
SP2709451,43000.0,60000.0
SP2709447,18500.0,18500.0
SP270944,,84000.0
SP2709439,120000.0,125000.0
SP2709437,,25000.0
SP2709429,270000.0,265825.0
SP2709420,,113121.0
SP2709413,74000.0,74000.0
SP2709405,145000.0,138000.5
SP2709403,580000.0,563667.0
SP2709400,240000.0,239989.0
SP2709394,750000.0,749999.0
SP270939,20000.0,17640.0
SP2709388,109500.0,103315.8
SP2709378,190000.0,189999.5
SP2709374,209000.0,257407.0
SP2709364,20000.0,19990.0
SP2709355,637840.0,596890.0
SP2709348,150000.0,145700.1
SP2709347,540000.0,540000.0
SP2709346,449500.0,449779.0
SP2709335,115000.0,109524.0
SP2709329,90000.0,90000.0
SP270932,50000.0,50000.0
SP2709300,372000.0,289333.0
SP2709289,315000.0,300000.0
SP2709287,139000.0,139000.0
SP2709269,21000.0,18571.5
SP270926,55000.0,55002.0
SP2709254,99000.0,74250.0
SP2709247,19000.0,19000.0
SP2709240,80000.0,80000.0
SP2709228,,
SP2709227,379960.0,385000.0
SP270922,60000.0,54285.0
SP2709217,348000.0,338999.8
SP2709216,198000.0,170098.975
SP2709206,2084.0,120000.0
SP2709196,75000.0,71429.0
SP2709189,79800.0,62000.0
SP2709186,1008000.0,983876.0
SP2709183,365490.0,365490.0
SP2709166,21000.0,16844.0
SP2709146,,352000.0
SP2709105,129000.0,89000.0
SP2709093,94000.0,83564.0
SP2709087,108000.0,108000.0
SP270908,53000.0,43000.0
SP270907,13200.0,13199.5
SP2709069,3800.0,2695.0
SP270905,184000.0,184001.0
SP2708969,135000.0,110723.0
SP2708944,69000.0,60000.0
SP270894,40000.0,56175.0
SP2708938,7000.0,7000.35
SP2708921,20000.0,20000.5
SP2708882,26000.0,37000.0
SP270885,42000.0,42000.0
SP270884,24000.0,15200.0
SP2708838,49000.0,50000.0
SP2708825,48000.0,40952.0
SP2708821,66000.0,66000.0
SP2708818,50000.0,50000.0
SP2708814,54000.0,48599.25
SP2708811,96000.0,96000.0
SP2708800,37000.0,37000.0
SP270880,250000.0,214800.0
SP2708798,25000.0,23809.0
SP270878,78000.0,60928.0
SP2708770,41500.0,41292.0
SP270877,340000.0,339999.0
SP2708764,170000.0,153100.5
SP2708740,30000.0,26999.5
SP2708732,67000.0,60000.0
SP2708721,22200.0,22200.2
SP2708657,260000.0,260000.0
SP2708626,26000.0,28571.0
SP2708611,26000.0,23800.0
SP2708608,30000.0,29849.0
SP2708590,72000.0,75690.25
SP270859,172000.0,172000.0
SP270858,63000.0,43970.0
SP2708578,90000.0,87097.5
SP270857,92000.0,68115.66666666667
SP2708563,45000.0,45000.0
SP270855,55650.0,55650.0
SP2708514,19000.0,19000.0
SP270850,,
SP2708488,44000.0,41904.0
SP2708482,73000.0,73000.0
SP270847,228800.0,191429.0
SP2708467,85000.0,84999.75
SP2708464,19200.0,24200.4
SP2708457,16000.0,21999.75
SP270842,9000.0,10000.0
SP2708408,,16000.0
SP2708389,33000.0,31428.0
SP270836,45000.0,39710.0
SP2708347,99000.0,103950.0
SP2708344,221000.0,180000.0
SP2708313,42000.0,31000.0
SP270829,231000.0,46200.0
SP2708284,32000.0,28000.0
SP2708273,31000.0,31999.8
SP2708235,111000.0,97349.0
SP2708223,72000.0,64799.8
SP2708200,136000.0,135999.0
SP270819,40000.0,40000.0
SP2708177,39000.0,39000.0
SP2708153,,49000.0
SP2708135,70000.0,68000.0
SP2708132,50000.0,50000.0
SP2708109,45000.0,42857.0
SP2708107,245000.0,231867.33333333334
SP2708100,275000.0,275000.0
SP2708098,300000.0,269999.0
SP2708081,96000.0,92000.0
SP2708080,,10999.75
SP270808,78750.0,
SP270807,110000.0,110000.0
SP2708066,30000.0,23100.0
SP2708046,55250.0,66000.0
SP2708042,18500.0,18500.0
SP270804,8000.0,8000.0
SP270803,182000.0,209001.0
SP2708022,392000.0,392000.0
SP270802,84000.0,84000.0
SP2708011,150000.0,139000.4
SP270799,40000.0,24681.0
SP2707984,324000.0,315000.0
SP2707980,395000.0,394999.0
SP270798,30000.0,29444.0
SP2707973,150000.0,130000.5
SP2707955,23000.0,16800.0
SP270794,280000.0,290000.0
SP2707928,35000.0,31714.0
SP2707922,990000.0,630000.0
SP2707910,105000.0,105000.0
SP2707907,48000.0,48000.0
SP2707902,180000.0,180000.0
SP2707891,1450000.0,1449999.5
SP2707876,32000.0,22900.15
SP2707873,95000.0,128000.5
SP2707840,114000.0,132948.0
SP2707839,50000.0,44280.0
SP270782,168000.0,168000.0
SP270780,40000.0,34650.0
SP2707793,215000.0,
SP2707792,101000.0,101001.0
SP270778,111000.0,105733.0
SP2707779,235000.0,194999.5
SP2707761,305000.0,305000.0
SP2707746,,34599.6
SP2707744,295000.0,147500.0
SP2707737,3800.0,3150.0
SP270773,50000.0,55000.0
SP270772,69000.0,68309.9
SP2707714,50000.0,50000.0
SP2707710,60000.0,61902.76666666667
SP2707707,795000.0,795000.0
SP2707692,44000.0,34560.0
SP2707679,120000.0,470000.0
SP2707659,248000.0,335000.0
SP2707637,,36500.0
SP2707582,253000.0,197000.0
SP270758,93000.0,92999.5
SP2707567,10000.0,6200.2
SP2707542,399000.0,399000.0
SP270753,24000.0,24000.0
SP2707522,160000.0,155000.0
SP2707495,75000.0,160001.1
SP2707475,25000.0,25000.333333333332
SP2707471,34000.0,34000.0
SP270747,10000.0,11000.0
SP2707466,25000.0,24800.0
SP2707462,48000.0,45714.0
SP270746,19000.0,14562.0
SP2707451,84000.0,84000.0
SP2707448,40000.0,35099.0
SP2707442,47500.0,37000.0
SP2707437,425000.0,425000.0
SP2707432,22000.0,21999.6
SP2707428,47000.0,46999.0
SP2707411,120000.0,115999.8
SP2707408,89900.0,89900.0
SP2707360,420000.0,397117.0
SP2707357,18000.0,14286.0
SP2707348,24000.0,19000.0
SP2707333,237000.0,218669.0
SP2707328,32000.0,24286.0
SP270731,24600.0,21500.0
SP2707307,5500.0,5499.9
SP2707293,162000.0,162000.0
SP2707284,50000.0,47619.0
SP2707279,390000.0,384381.0
SP2707276,98000.0,68000.1
SP2707273,,175000.5
SP2707255,180000.0,125000.0
SP2707251,39000.0,40950.0
SP2707248,,33000.0
SP2707247,31000.0,21999.6
SP2707246,63000.0,59700.0
SP2707235,44500.0,44500.0
SP270723,150000.0,150000.0
SP2707224,29000.0,25714.0
SP2707221,175000.0,174000.0
SP270721,90000.0,133500.0
SP2707205,18700.0,17500.3
SP2707202,170000.0,168000.0
SP270720,60000.0,60000.0
SP2707189,17000.0,16999.5
SP2707183,,26200.0
SP2707170,399000.0,355000.0
SP2707166,44000.0,41905.0
SP2707152,166000.0,134000.0
SP2707146,34000.0,43000.0
SP2707142,508200.0,515004.0
SP2707127,,27000.0
SP2707097,230000.0,
SP2707094,25000.0,22331.0
SP270708,55000.0,52381.0
SP2707072,225000.0,236250.0
SP2707067,,660000.0
SP2707066,162000.0,138000.0
SP2707060,75000.0,88200.0
SP2707032,270000.0,270000.0
SP2707024,12000.0,6999.5
SP2706990,89250.0,33075.0
SP2706986,197000.0,189000.0
SP2706978,19000.0,18000.2
SP2706973,90000.0,60000.2
SP2706965,26000.0,20000.0
SP2706962,100000.0,62500.0
SP270696,79000.0,59505.8
SP2706943,20000.0,16000.0
SP2706924,102000.0,96657.0
SP2706915,55000.0,55000.0
SP270689,325000.0,307976.0
SP270687,280000.0,250000.0
SP2706861,38000.0,38001.0
SP2706840,5000.0,5000.0
SP2706835,180000.0,171068.0
SP2706828,60000.0,39000.0
SP2706799,,213665.0
SP2706762,43000.0,29541.0
SP2706761,128000.0,118979.5
SP2706760,8000.0,7999.95
SP2706747,20000.0,18180.5
SP2706729,588000.0,588000.0
SP2706713,,291908.0
SP2706709,394900.0,150000.0
SP2706706,85000.0,85000.0
SP2706686,80000.0,76190.0
SP2706682,84000.0,74499.58333333333
SP2706678,186375.0,186376.0
SP2706622,305000.0,305000.0
SP2706611,89000.0,79631.0
SP2706596,128000.0,128000.0
SP2706594,168200.0,147000.0
SP2706591,260000.0,189999.6
SP2706582,305000.0,310000.0
SP2706575,28800.0,70000.2
SP2706550,561000.0,534286.0
SP2706507,310000.0,262389.0
SP2706504,25000.0,25001.0
SP2706494,9000.0,8999.5
SP2706460,56000.0,48001.0
SP2706457,96000.0,96000.0
SP270645,95000.0,95000.0
SP2706433,8000.0,7595.571428571428
SP2706430,26000.0,26000.0
SP2706424,120000.0,88615.0
SP2706423,345000.0,238800.0
SP2706417,16000.0,16200.4
SP2706376,195000.0,195000.0
SP2706370,110000.0,110000.0
SP2706365,,25677.0
SP2706363,37000.0,36999.833333333336
SP2706361,220000.0,220000.0
SP2706360,515200.0,530000.0
SP2706343,78000.0,78000.0
SP270634,50400.0,45360.0
SP270632,275000.0,261905.0
SP2706316,215000.0,215000.0
SP2706306,325000.0,309524.0
SP270630,310000.0,291356.0
SP2706295,85000.0,85000.0
SP2706291,705000.0,701475.0
SP2706286,6000.0,5499.9
SP2706283,67900.0,64667.0
SP2706271,160000.0,102848.0
SP2706270,,200000.0
SP270626,,67761.0
SP270625,248000.0,247480.0
SP270624,28000.0,26533.0
SP2706198,251000.0,249745.0
SP2706177,111500.0,106399.5
SP2706171,219900.0,255000.0
SP270616,140000.0,140000.0
SP2706155,14000.0,12000.0
SP2706145,20100.0,66600.0
SP2706129,,
SP2706122,44000.0,44000.0
SP270612,298000.0,298000.5
SP2706099,50000.0,42500.0
SP2706098,32000.0,32000.0
SP2706091,12466.0,289800.0
SP2706085,47000.0,47000.0
SP2706068,30000.0,28571.0
SP2706065,204000.0,203900.0
SP2706063,82000.0,54000.0
SP270606,109000.0,109000.0
SP270605,29600.0,27349.0
SP2706047,80000.0,77554.0
SP2706041,95000.0,94900.0
SP2706038,285000.0,272000.4
SP2706035,174000.0,173999.7
SP2706020,224000.0,213333.0
SP2705991,30000.0,28428.0
SP2705979,5000.0,4200.0
SP2705971,154000.0,139550.0
SP2705962,35000.0,36000.0
SP2705961,23000.0,21000.0
SP2705955,57000.0,110000.0
SP2705937,6000.0,4600.05
SP2705931,50000.0,39999.8
SP2705926,244000.0,201905.0
SP270590,145000.0,242857.0
SP2705899,93000.0,93000.0
SP2705896,4500.0,
SP2705876,525000.0,488000.0
SP2705846,12500.0,12500.0
SP2705822,54000.0,53900.0
SP2705819,11000.0,10945.0
SP2705804,20000.0,148000.0
SP2705715,178200.0,178199.5
SP270569,99000.0,99000.3
SP2705689,380000.0,385000.5
SP2705667,12500.0,14571.0
SP270566,27700.0,28707.2
SP2705659,392000.0,386306.0
SP2705630,205000.0,162000.5
SP270562,89000.0,82407.0
SP2705601,178000.0,177999.0
SP270560,,120000.0
SP2705596,34200.0,32870.0
SP2705582,,54000.0
SP2705576,40000.0,37963.0
SP2705572,25000.0,46000.0
SP2705567,85000.0,68000.0
SP2705557,40000.0,40000.0
SP2705551,132000.0,129999.6
SP270555,175000.0,175000.0
SP2705548,330000.0,330000.0
SP2705544,43000.0,43000.5
SP2705542,24000.0,19141.0
SP2705533,70000.0,70000.0
SP2705528,265500.0,247035.0
SP2705519,100000.0,95000.0
SP270548,80000.0,79999.525
SP270529,540000.0,537300.0
SP270523,,31937.0
SP270489,,298000.0
SP270488,70000.0,70000.0
SP270474,187000.0,179554.0
SP270423,26100.0,23699.6
SP270422,70000.0,70000.0
SP270410,71500.0,84000.0
SP270408,90000.0,90000.0
SP270399,6000.0,6000.0
SP270367,54000.0,46893.0
SP270366,39000.0,100808.0
SP270328,193000.0,190616.66666666666
SP270297,,316500.0
SP270233,106500.0,106500.0
SP270225,40000.0,40000.0
SP270215,,250000.0
SP270208,125500.0,119049.0
SP270196,60000.0,60000.0
SP270182,65000.0,44537.0
SP270149,70000.0,61402.0
SP270146,290000.0,290000.0
SP270140,125000.0,127100.0
SP270137,16000.0,16000.0
SP270127,21000.0,18000.0
SP270123,35000.0,34549.333333333336
SP270118,28000.0,25714.0
SP270115,12500.0,12500.5
SP270114,10000.0,9999.0
SP270109,102000.0,102000.0
SP270086,140000.0,139979.7
SP270076,178600.0,170112.0
SP270061,68000.0,57122.0
SP270054,16000.0,16800.0
SP270031,65000.0,65000.0
SP270020,204000.0,164800.0
SP270018,120000.0,132000.0
SP269990,135000.0,130000.33333333333
SP269989,24000.0,24000.0
SP269987,30000.0,26717.0
SP269986,196000.0,195019.5
SP269983,250000.0,215000.0
SP269981,68000.0,59628.0
SP269977,78000.0,74000.0
SP269953,148000.0,135000.0
SP269950,432000.0,411429.0
SP269940,59500.0,59500.0
SP269937,,22785.0
SP269930,317800.0,317799.0
SP269920,81000.0,46000.0
SP269919,143000.0,136743.0
SP269916,106000.0,94286.0
SP269915,417000.0,414915.0
SP269910,69000.0,65714.0
SP269908,415200.0,395429.0
SP269875,70000.0,67149.6
SP269867,,172125.0
SP269866,219000.0,219000.0
SP269857,,202500.0
SP269854,28400.0,24000.0
SP269845,90000.0,78894.7
SP269841,176000.0,176000.0
SP269838,145000.0,134999.6
SP269831,,273000.0
SP269814,100000.0,61000.0
SP269804,24000.0,21000.0
SP269794,530000.0,530000.0
SP269782,160000.0,160000.0
SP269778,820000.0,740000.0
SP269775,90000.0,90000.0
SP269772,5000.0,5000.1
SP269771,14500.0,10700.0
SP269755,99000.0,55000.0
SP269752,27000.0,26600.0
SP269742,60000.0,57750.0
SP269737,62000.0,26778.2
SP269726,183000.0,160700.0
SP269721,90000.0,86310.0
SP269719,25000.0,27000.0
SP269718,20700.0,15167.0
SP269714,535920.0,444576.0
SP269710,85000.0,85000.0
SP269701,334200.0,334200.0
SP269695,75000.0,72000.0
SP269686,130000.0,119578.0
SP269685,52000.0,52000.0
SP269684,42000.0,42001.0
SP269681,30000.0,27859.7
SP269678,70000.0,78953.0
SP269677,45000.0,41816.0
SP269676,70000.0,66667.0
SP269667,69700.0,66300.0
SP269665,260000.0,247619.0
SP269662,185000.0,184999.5
SP269661,32800.0,32000.0
SP269659,,200000.0
SP269646,45000.0,36778.25
SP269625,230000.0,219048.0
SP269624,160000.0,152381.0
SP269622,54000.0,30399.5
SP269616,65000.0,53333.0
SP269614,70000.0,56000.0
SP269611,61000.0,53333.0
SP269608,128000.0,128000.5
SP269605,120000.0,108000.0
SP269599,130000.0,120000.0
SP269595,108000.0,55000.0
SP269592,70000.0,48985.0
SP269580,,29000.0
SP269577,60000.0,50000.0
SP269565,354000.0,360000.0
SP269562,125000.0,125000.0
SP269558,70000.0,70000.0
SP269557,127400.0,448000.0
SP269556,193200.0,430000.0
SP269552,130000.0,120000.3
SP269549,60000.0,55000.0
SP269548,,35699.0
SP269547,,240000.0
SP269545,117600.0,112000.0
SP269544,160000.0,152381.0
SP269540,180000.0,142952.0
SP269537,706000.0,641699.0
SP269534,373000.0,323103.0
SP269531,53000.0,50476.0
SP269523,205000.0,185960.0
SP269507,69000.0,69000.0
SP269499,,75429.0
SP269498,48000.0,32016.0
SP269497,14000.0,13466.0
SP269496,145000.0,123520.0
SP269493,45000.0,33590.0
SP269483,,61204.0
SP269475,50000.0,50000.0
SP269460,112000.0,50118.6
SP269451,182000.0,163800.0
SP269447,36000.0,34286.0
SP269443,89000.0,89999.5
SP269441,80000.0,76190.0
SP269427,,70000.0
SP269426,80000.0,66197.5
SP269421,25000.0,25000.0
SP269420,,209524.0
SP269419,65000.0,56159.0
SP269417,24500.0,23900.0
SP269406,60000.0,60000.2
SP269389,,114000.0
SP269371,29500.0,27000.0
SP269306,38000.0,37999.5
SP269291,33000.0,
SP269289,24000.0,24000.0
SP269273,55000.0,55000.0
SP269265,16900.0,11938.5
SP269252,60000.0,68000.0
SP269251,74000.0,68999.7
SP269234,56000.0,42200.0
SP269232,50000.0,73000.5
SP269231,130000.0,129349.5
SP269218,30000.0,32548.0
SP269196,27000.0,20000.0
SP269193,47000.0,43000.0
SP269184,51000.0,53550.0
SP269177,8000.0,8000.0
SP269176,150000.0,138889.0
SP269173,90000.0,80999.0
SP269170,83000.0,71999.6
SP269169,220000.0,220000.0
SP269162,200000.0,155857.0
SP269158,28500.0,27143.0
SP269155,7500.0,7325.8
SP269150,81000.0,88217.75
SP269146,54500.0,47999.7
SP269141,,139200.0
SP269130,48000.0,45160.2
SP269129,39000.0,39000.0
SP269126,220000.0,169095.0
SP269113,36000.0,36000.0
SP269110,46000.0,34700.5
SP269093,,25000.0
SP269091,125000.0,123800.5
SP269083,90000.0,89549.0
SP269080,80000.0,80000.0
SP269075,40000.0,35578.0
SP269058,139000.0,123500.0
SP269057,16000.0,14799.8
SP269054,29000.0,29000.0
SP269052,38000.0,36829.0
SP269045,249760.0,236684.0
SP269012,80000.0,70500.0
SP269002,,15000.0
SP268995,18000.0,18000.0
SP268992,55000.0,44452.8
SP268988,28000.0,27990.0
SP268984,27000.0,25714.0
SP268982,128000.0,116000.0
SP268981,56000.0,50000.0
SP268976,44700.0,39900.0
SP268970,76000.0,74054.0
SP268958,203500.0,183591.0
SP268952,65000.0,65000.0
SP268937,172400.0,172399.5
SP268934,231000.0,212000.0
SP268932,80000.0,69605.2
SP268929,74000.0,70476.0
SP268921,105000.0,75600.0
SP268909,310000.0,310000.0
SP268904,143850.0,101640.0
SP268901,18000.0,14893.0
SP268896,260000.0,247619.0
SP268893,80000.0,75810.0
SP268892,98000.0,79200.0
SP268887,107000.0,107000.0
SP268880,460000.0,460000.0
SP268874,179000.0,166307.2541
SP268871,41000.0,41000.5
SP268869,360000.0,324286.0
SP268866,,16700.2
SP268864,87000.0,84000.0
SP268858,114000.0,115000.33333333333
SP268855,36000.0,36000.5
SP268849,162000.0,184000.0
SP268826,469700.0,447333.0
SP268821,,115000.0
SP268818,92000.0,67100.0
SP268803,93000.0,88571.0
SP268802,280000.0,279999.0
SP268800,132000.0,118800.0
SP268797,371000.0,363489.0
SP268789,225000.0,252000.0
SP268786,4000.0,3362.0
SP268784,59000.0,37915.0
SP268782,99000.0,99000.0
SP268778,49000.0,46667.0
SP268771,190000.0,75000.0
SP268760,190000.0,168000.0
SP268757,74000.0,75000.5
SP268752,,47000.0
SP268750,50000.0,39017.0
SP268736,126500.0,112000.0
SP268724,406000.0,326006.0
SP268723,108000.0,102857.0
SP268720,25000.0,25000.5
SP268718,46200.0,46200.0
SP268716,,74332.6
SP268711,49000.0,44774.0
SP268705,300000.0,300000.0
SP268687,210000.0,200000.0
SP268672,187500.0,187500.0
SP268665,44000.0,44000.0
SP268660,270000.0,166967.0
SP268658,105000.0,94000.2
SP268655,32000.0,24500.0
SP268654,30000.0,30000.0
SP268653,68600.0,68599.5
SP268636,124900.0,120000.0
SP268629,,12000.0
SP268626,17500.0,12381.0
SP268614,20000.0,15935.0
SP268604,210000.0,189891.6
SP268590,91000.0,66730.0
SP268589,60000.0,47000.333333333336
SP268588,105000.0,85799.6
SP268582,55000.0,55000.0
SP268577,30000.0,30658.0
SP268561,,173448.0
SP268548,66000.0,62857.0
SP268542,40000.0,32686.4
SP268537,22000.0,24653.0
SP268531,21480.0,18514.0
SP268529,48000.0,42000.0
SP268526,27000.0,25586.0
SP268525,42000.0,40048.0
SP268502,,27300.2
SP268482,167000.0,91000.0
SP268479,24000.0,24000.0
SP268477,154000.0,152250.0
SP268473,11000.0,9969.8
SP268467,50000.0,52000.0
SP268459,127900.0,121200.0
SP268453,79000.0,60000.0
SP268442,19000.0,17024.0
SP268434,440000.0,342785.0
SP268428,55000.0,40000.0
SP268427,195000.0,195000.0
SP268424,80000.0,72572.0
SP268419,28000.0,27999.0
SP268412,28000.0,28000.5
SP268405,58000.0,47500.0
SP268374,,11500.0
SP268359,20000.0,19047.0
SP268356,91000.0,91000.0
SP268349,40700.0,29500.0
SP268347,20000.0,20000.0
SP268340,25000.0,25000.0
SP268333,60000.0,65000.0
SP268317,168000.0,148429.0
SP268313,,167000.0
SP268301,45000.0,47250.0
SP268277,26000.0,25983.0
SP268255,108000.0,65800.0
SP268229,60000.0,60000.0
SP268219,110000.0,110000.0
SP268208,75000.0,73500.0
SP268204,20000.0,18900.0
SP268201,,255200.0
SP268198,70600.0,74970.0
SP268196,105000.0,105000.0
SP268192,194000.0,194000.0
SP268185,30000.0,31821.0
SP268180,58000.0,58333.0
SP268177,50000.0,57750.0
SP268157,47500.0,43981.0
SP268155,22000.0,20952.0
SP268150,3990.0,3990.0
SP268142,212900.0,213000.0
SP268139,100000.0,100000.0
SP268136,65000.0,60185.0
SP268135,55000.0,45000.0
SP268127,88200.0,70000.0
SP268115,,110000.0
SP268111,80000.0,80000.0
SP268106,89911.0,89912.0
SP268098,,39766.666666666664
SP268096,25000.0,25000.0
SP268089,188000.0,240003.0
SP268085,96000.0,96000.0
SP268082,75000.0,71429.0
SP268080,280000.0,266667.0
SP268060,78000.0,90700.0
SP268058,588500.0,609999.5
SP268056,56000.0,57000.0
SP268053,195000.0,194999.5
SP268050,97900.0,93238.0
SP268047,143000.0,136456.0
SP268044,136000.0,136000.0
SP268040,225000.0,235169.66666666666
SP268036,225000.0,214286.0
SP268028,120000.0,120000.0
SP268020,105000.0,100000.0
SP268018,560000.0,541000.0
SP268014,96000.0,85714.0
SP268012,179000.0,160000.0
SP268002,88000.0,82147.0
SP267991,204750.0,240000.0
SP267988,223900.0,224700.0
SP267983,115000.0,109524.0
SP267980,48000.0,47500.0
SP267979,200000.0,185185.0
SP267978,,210000.0
SP267960,135000.0,121363.0
SP267951,22000.0,21001.0
SP267941,60000.0,65000.0
SP267938,7500.0,7000.333333333333
SP267937,103000.0,84999.66666666667
SP267933,96000.0,77264.0
SP267924,56700.0,33000.0
SP267913,219000.0,218747.5
SP267908,81400.0,81400.0
SP267903,98400.0,98400.5
SP267901,27000.0,26999.75
SP267883,105000.0,100000.0
SP267881,65000.0,49000.0
SP267880,26700.0,26700.5
SP267877,40000.0,34000.0
SP267876,42000.0,43778.0
SP267867,,21999.5
SP267866,46000.0,47115.0
SP267861,25000.0,23810.0
SP267857,33100.0,34912.5
SP267847,118000.0,118000.0
SP267844,44000.0,40000.0
SP267840,160000.0,228000.0
SP267834,27000.0,660000.0
SP267828,,212399.33333333334
SP267820,125000.0,120679.0
SP267815,43000.0,39000.15
SP267809,96000.0,87499.66666666667
SP267798,280000.0,266667.0
SP267795,64000.0,63999.5
SP267791,50000.0,50000.0
SP267766,116000.0,59000.0
SP267756,75000.0,75000.0
SP267753,72000.0,60000.0
SP267751,112000.0,112000.0
SP267747,264600.0,252000.0
SP267744,290000.0,283000.2
SP267727,100500.0,95714.0
SP267722,190000.0,189999.5
SP267714,177000.0,176999.66666666666
SP267711,,360000.0
SP267701,38900.0,39999.666666666664
SP267694,235000.0,219914.0
SP267690,130000.0,147619.0
SP267687,255000.0,255000.0
SP267683,148100.0,122857.0
SP267678,128000.0,129000.0
SP267675,67000.0,67000.0
SP267673,384000.0,347262.0
SP267669,68000.0,67999.0
SP267668,193000.0,192999.33333333334
SP267664,112000.0,110000.0
SP267662,130000.0,130001.0
SP267657,209900.0,185000.0
SP267654,93870.0,93458.5
SP267650,342000.0,366000.0
SP267647,516000.0,513410.0
SP267644,88000.0,88000.5
SP267638,159000.0,148609.0
SP267635,117900.0,115542.0
SP267631,420000.0,400000.0
SP267624,90000.0,105000.0
SP267623,121000.0,120000.4
SP267619,163000.0,163000.0
SP267616,64960.0,63000.0
SP267614,109000.0,109000.0
SP267613,347000.0,347000.0
SP267611,62000.0,58000.0
SP267607,251000.0,251000.0
SP267601,168000.0,85556.0
SP267600,42000.0,35456.0
SP267597,520000.0,495238.0
SP267594,150000.0,137143.0
SP267588,495000.0,495000.0
SP267579,100000.0,83805.0
SP267576,75000.0,445000.0
SP267567,59000.0,91429.0
SP267566,450000.0,428571.0
SP267548,284500.0,270952.0
SP267540,,64999.8
SP267539,,55000.0
SP267527,67000.0,60999.8
SP267522,224000.0,217027.5
SP267515,,73000.0
SP267514,210000.0,193000.0
SP267511,880000.0,880000.0
SP267509,790000.0,789999.0
SP267507,525000.0,437500.0
SP267500,107500.0,94743.0
SP267475,,
SP267451,242000.0,203703.0
SP267439,17000.0,14583.0
SP267437,295000.0,295000.0
SP267403,270000.0,18900.0
SP267373,460000.0,459999.0
SP267366,228000.0,297999.0
SP267359,60000.0,52000.0
SP267358,175000.0,171296.0
SP267303,14700.0,15999.9
SP267296,69000.0,64799.8
SP267289,,160000.0
SP267254,60000.0,30509.0
SP267241,125000.0,134000.0
SP267238,12000.0,14000.05
SP267233,161700.0,161496.5
SP267230,15000.0,16300.0
SP267216,78000.0,114000.0
SP267214,24000.0,24305.5
SP267206,24000.0,19176.0
SP267202,19000.0,14500.4
SP267086,19200.0,18598.666666666668
SP267045,33600.0,35700.0
SP026935,222000.0,200000.0
SP026930,,160000.0
SP026925,54000.0,50000.0
SP026919,212000.0,212000.0
SP026892,1024000.0,904286.0
SP026879,482000.0,482000.0
SP026863,20000.0,20790.0
SP026847,13000.0,13000.0
SP026844,27000.0,25006.0
SP026810,120300.0,107999.83333333333
SP026804,,109551.0
SP026772,144000.0,137143.0
SP026764,154000.0,150000.0
SP026724,102000.0,102000.15
SP026721,7000.0,7000.0
SP026684,100000.0,88213.0
SP026675,137000.0,130476.0
SP026673,120000.0,103818.0
SP026671,,174000.0
SP026667,,175238.0
SP026663,,139155.0
SP026654,194000.0,193999.0
SP026647,227000.0,205000.0
SP026628,25000.0,23810.0
SP026615,310000.0,289999.5
SP026609,220000.0,151000.0
SP026607,149900.0,142762.0
SP026606,62000.0,59048.0
SP026605,,107675.0
SP026602,,89905.0
SP026599,70000.0,70000.0
SP026591,57000.0,48000.0
SP026585,59500.0,59500.0
SP026580,25000.0,28095.0
SP026579,35000.0,38000.0
SP026571,60000.0,58441.0
SP026570,33000.0,31428.0
SP026542,17700.0,16773.8
SP026539,41000.0,41000.0
SP026524,248000.0,195200.0
SP026516,60960.0,58057.0
SP026513,75000.0,70212.5
SP026509,380000.0,385000.5
SP026503,,85000.0
SP026500,215000.0,216000.0
SP026468,116000.0,114286.0
SP026465,,80000.0
SP026464,200000.0,160639.5
SP026461,136500.0,136500.0
SP026446,132000.0,98700.0
SP026432,55000.0,55000.0
SP026426,80000.0,64762.0
SP026414,63000.0,63000.0
SP026412,155000.0,92000.0
SP026409,93000.0,74143.0
SP026395,140000.0,140000.0
SP026383,37000.0,37000.0
SP026368,153000.0,141161.0
SP026359,220000.0,243000.0
SP026355,211000.0,187940.0
SP026341,,61100.0
SP026333,160000.0,200000.0
SP026320,210000.0,188499.0
SP026306,31000.0,20872.0
SP026302,10000.0,500000.0
SP026296,21000.0,19499.6
SP026293,125000.0,150000.0
SP026284,125000.0,110000.0
SP026266,85000.0,84999.5
SP026264,,40464.0
SP026254,176000.0,164000.0
SP026246,61000.0,63000.0
SP026235,40000.0,36949.6
SP026231,90000.0,85713.0
SP026228,209000.0,199057.0
SP026226,,56500.333333333336
SP026207,266000.0,
SP026196,15000.0,1269.0
SP026183,41200.0,41200.0
SP026179,329400.0,274999.0
SP026173,70000.0,71000.0
SP026172,135000.0,113000.0
SP026166,,40000.0
SP026147,56000.0,55111.333333333336
SP026138,168000.0,113155.0
SP026129,164500.0,152000.0
SP026121,150000.0,144999.8
SP026115,,8409.0
SP026107,41990.0,42000.0
SP026104,10800.0,
SP026103,107850.0,102714.0
SP026081,,86000.0
SP026079,150000.0,142857.0
SP026043,10000.0,7703.0
SP026022,28800.0,29850.5
SP026020,63000.0,57143.0
SP026011,120000.0,92104.0
SP026007,75000.0,75000.0
SP026003,30000.0,28571.0
SP025991,60000.0,50561.0
SP025977,18000.0,18000.0
SP025971,83000.0,63000.0
SP025965,,97000.0
SP025963,79000.0,57500.0
SP025954,,203350.0
SP025952,115000.0,94000.2
SP025941,27000.0,19320.0
SP025939,46000.0,40000.0
SP025909,24000.0,23999.866666666665
SP025907,7200.0,6436.0
SP025878,216000.0,200500.0
SP025872,14000.0,125914.0
SP025853,25000.0,23148.0
SP025824,70000.0,58000.0
SP025822,270000.0,170000.0
SP025795,12000.0,11771.0
SP025780,18000.0,16667.0
SP025771,134800.0,118132.0
SP025756,397000.0,378080.0
SP025745,80000.0,64200.0
SP025740,69000.0,62746.0
SP025739,60300.0,46000.0
SP025734,91000.0,86399.0
SP025729,535920.0,448800.0
SP025708,11400.0,10000.0
SP025701,38000.0,38000.0
SP025696,,91923.0
SP025693,39000.0,35000.0
SP025686,4900.0,4420.48
SP025684,46000.0,44512.0
SP025681,115000.0,115999.8
SP025680,,235620.0
SP025673,280000.0,256000.0
SP025665,240000.0,240000.0
SP025650,398500.0,350000.0
SP025647,92500.0,90000.0
SP025644,33000.0,33700.0
SP025638,127800.0,111000.0
SP025635,1640000.0,1560000.0
SP025628,54000.0,54000.5
SP025623,100800.0,107100.0
SP025617,105000.0,100000.0
SP025613,125000.0,125000.0
SP025596,240000.0,213810.0
SP025593,60000.0,59999.0
SP025592,330000.0,330000.0
SP025585,39000.0,54000.0
SP025580,535920.0,467672.0
SP025566,375000.0,357143.0
SP025556,80000.0,114001.0
SP025549,145000.0,80000.0
SP025546,18600.0,16999.529411764706
SP025532,49000.0,43218.0
SP025529,33000.0,20237.0
SP025511,44000.0,33030.0
SP025506,85000.0,73419.0
SP025490,110000.0,110000.0
SP025470,49500.0,47143.0
SP025455,99000.0,99000.5
SP025345,59500.0,59500.0
SP024905,76000.0,54000.0
SP024494,99000.0,120000.0
SP024113,169000.0,169001.0
SP023983,45000.0,35000.0
SP023884,55000.0,55000.0
SP023664,88000.0,88000.5
SP023613,520000.0,520000.0
SP023284,55000.0,44229.0
SP023184,,120000.0
SP023140,40000.0,36949.6
SP022715,67200.0,63991.0
SP022595,,78000.0
SP022532,90000.0,87000.0
SP022528,120000.0,119900.0
SP022282,385000.0,385000.5
SP021906,83000.0,83000.0
SP021761,,510000.0
SP021718,1050000.0,1050000.0
SP021316,467500.0,509259.0
SP021234,38400.0,39984.0
SP020968,92000.0,68000.0
SP020903,,351999.0
SP020853,7000.0,6900.0
SP020797,42000.0,44520.0
SP020724,7000.0,6499.5
SP020710,,27941.0
SP020659,49000.0,46667.0
SP020572,105000.0,104999.8
SP020511,104000.0,96200.0
SP020483,94000.0,94000.0
SP020461,1100000.0,1094499.0
SP020245,379000.0,350000.0
SP020205,67000.0,67001.0
SP020204,35000.0,35000.0
SP020181,,241870.0
SP020048,108000.0,87434.6
SP020008,55000.0,40000.0
SP019916,15000.0,11011.0
SP019851,1200000.0,1142857.0
SP019621,195300.0,202778.0
SP019162,,332000.0
SP018827,1600000.0,1500000.0
SP018826,1800000.0,1799999.0
SP018610,8400.0,8399.625
SP018597,70000.0,65000.0
SP018527,80000.0,79999.5
SP018479,39000.0,39000.0
SP018327,260000.0,230000.5
SP018241,,448000.0
SP018100,53250.0,62999.7
SP017886,50000.0,38750.0
SP017743,328000.0,286000.0
SP017658,19000.0,13600.4
SP017637,256000.0,256000.0
SP017579,19000.0,13889.0
SP017414,97000.0,97000.2
SP017382,358000.0,322200.0
SP016958,130000.0,120370.0
SP016751,59000.0,59000.0
SP016327,27000.0,27000.0
SP015605,38000.0,31481.0
SP015569,5000.0,5199.6
SP015484,149000.0,119000.0
SP015439,30000.0,30000.0
SP015386,,24238.0
SP015370,945000.0,40759.0
SP015344,,91800.0
SP015257,40000.0,29400.0
SP015170,360000.0,
SP015120,12000.0,29167.0
SP015110,195000.0,165750.0
SP015109,,127020.0
SP015046,25000.0,27675.0
SP015008,165000.0,165000.0
SP015006,165000.0,165000.0
SP014877,23000.0,22999.7
SP014811,,615000.0
SP014054,54000.0,47686.0
SP013771,,570000.0
SP013409,750000.0,750000.0
SP013005,134000.0,134000.0
SP012897,,70000.0
SP012633,152000.0,255000.0
SP012621,,325000.0
SP012460,351000.0,351000.0
SP012450,,317593.0
SP012342,,200593.8
SP012336,,264000.0
SP012296,37000.0,34000.0
SP012106,233000.0,233000.2
SP012010,27000.0,23908.0
SP011209,130000.0,130000.0
SP010724,94000.0,89524.0
SP010276,309600.0,343000.5
SP010274,240000.0,285000.0
SP009880,420000.0,420000.0
SP009843,35100.0,37222.0
SP009709,,205000.0
SP009708,,295000.0
SP009707,,210000.0
SP009133,302400.0,302400.0
SP008997,,392000.0
SP008976,959000.0,958999.0
SP008731,76000.0,79200.4
SP008425,12000.0,11429.0
SP008268,11000.0,9200.1
SP007616,71400.0,89999.66666666667
SP007547,79000.0,55000.0
SP007503,53000.0,44500.1
SP007478,1060000.0,984000.0
SP007332,17000.0,12500.0
SP007327,160000.0,125000.0
SP007105,130000.0,128700.5
SP007075,,143560.0
SP006920,90000.0,75000.5
SP006864,47000.0,40442.0
SP006613,100000.0,108000.0
SP006540,65000.0,65000.5
SP006388,,272000.1
SP006366,205000.0,205000.0
SP006365,,59259.0
SP006298,42000.0,42000.0
SP006273,15000.0,15000.2
SP006259,143000.0,126000.0
SP006155,55000.0,55000.0
SP006041,,121853.14285714286
SP005993,,297000.0
SP005991,,323700.0
SP005966,11000.0,11429.0
SP005855,,73941.0
SP005836,,9150.0
SP005808,36500.0,29537.0
SP005681,314000.0,247520.0
SP005565,,42000.0
SP005539,174000.0,131047.0
SP005339,79500.0,160000.0
SP005171,40000.0,40000.0
SP004928,97500.0,97500.0
SP004921,117700.0,117701.0
SP004721,,199000.0
SP004498,20930.0,20204.0
SP004352,170000.0,169999.5
SP004232,159000.0,159000.0
SP004018,110000.0,110000.0
SP004016,26000.0,23100.0
SP003972,112000.0,90000.0
SP003917,49000.0,36508.0
SP003881,10000.0,8978.5
SP003855,15500.0,15000.0
SP003769,123000.0,123000.0
SP003735,44000.0,43999.0
SP003558,,682000.0
SP003526,16000.0,16000.0
SP003369,32000.0,28000.0
SP003069,17000.0,17000.2
SP003020,16000.0,16000.0
SP002957,220000.0,220000.0
SP002954,,75999.6
SP002949,175000.0,195000.0
SP002854,22000.0,22000.0
SP002682,,87000.5
SP002504,70000.0,66333.0
SP002423,224000.0,207426.48
SP002225,12000.0,8338.0
SP002199,82400.0,82399.66666666667
SP002154,30000.0,30000.0
SP002028,,48600.0
SP001802,,10000.0
SP001750,,97000.33333333333
SP001702,,269000.0
SP001694,,170001.0
SP001528,10000.0,10000.0
SP001522,,24571.0
SP001346,125000.0,139100.0
SP000902,,24857.0
SP000598,90900.0,90899.5
SP000498,115000.0,93555.0
SP000481,65000.0,65000.5
SP000451,,177840.0
SP000449,199000.0,199000.0
SP000399,297000.0,297000.0
SP000335,53000.0,50349.6
SP000316,301000.0,301000.0
SP000268,600000.0,576500.0
SP000252,,348000.0
SP000215,147000.0,122516.0
SP000047,28000.0,28000.0
SP2724616,,4600.05
SP2721552,100000.0,28000.25
SP026114,90000.0,90000.0
SP269657,87500.0,77118.0
SP271064,265000.0,265000.0
SP269259,,62800.0
SP017753,223000.0,205000.0
SP2722642,900000.0,880000.0
SP2720809,150000.0,150000.0
SP2720892,,240001.0
SP2707379,98000.0,86480.0
SP402318,506000.0,490000.36666666664
SP402176,104400.0,69000.0
SP402069,168000.0,153000.0
SP2724350,348000.0,331429.0
SP2721402,150000.0,126647.0
SP2720472,194000.0,161667.0
SP2716426,,450000.0
SP2716208,268000.0,244999.6
SP2715537,138000.0,140763.5
SP2713481,28600.0,28600.0
SP271325,320000.0,255000.0
SP2713237,,74476.0
SP271079,22000.0,21999.6
SP2710583,50000.0,48000.0
SP2710262,42000.0,40000.0
SP2710255,32400.0,30857.0
SP2710254,126000.0,126000.0
SP2710157,324000.0,300009.6
SP2710004,147000.0,128571.0
SP2709888,81000.0,87000.0
SP2709408,37500.0,35714.0
SP2709203,92000.0,83500.0
SP2709202,54000.0,53999.5
SP2708874,39000.0,40163.0
SP2707930,240000.0,180000.0
SP2707731,72000.0,68571.0
SP2707708,210000.0,208950.0
SP270629,80000.0,57000.0
SP270620,135000.0,128571.0
SP270614,180000.0,169500.0
SP2705975,,16500.0
SP270595,105000.0,87206.0
SP2705568,110000.0,93000.0
SP2705561,96000.0,91429.0
SP270552,190000.0,150000.0
SP270001,59990.0,43696.0
SP269894,229500.0,196805.0
SP269765,187000.0,157407.0
SP269731,192000.0,192001.0
SP269717,60000.0,57143.0
SP269666,142000.0,131482.0
SP269651,9000.0,8571.0
SP269619,23100.0,20000.0
SP269585,162000.0,163810.0
SP269584,180000.0,151339.0
SP269583,72000.0,55968.0
SP269571,120000.0,119999.0
SP269551,115000.0,105143.0
SP269546,160000.0,152380.0
SP269478,81000.0,69000.0
SP269449,68900.0,66190.0
SP269428,222000.0,188004.0
SP269409,155000.0,145345.0
SP269376,17000.0,16190.0
SP269235,54000.0,54000.5
SP269188,,60000.0
SP269159,48000.0,33721.0
SP269078,73000.0,56753.0
SP268824,26500.0,25238.0
SP268810,112000.0,74100.0
SP268785,,28124.0
SP268557,14000.0,13999.6
SP268532,12000.0,11429.0
SP268498,90000.0,90001.0
SP268492,78000.0,63527.0
SP268406,,20000.0
SP268147,192000.0,188138.0
SP268140,98000.0,84476.0
SP268134,37500.0,28800.0
SP268116,82000.0,82000.0
SP268067,33000.0,33000.4
SP268022,192000.0,160000.0
SP267974,48000.0,45714.0
SP267915,34000.0,16839.0
SP267812,68400.0,68400.0
SP267805,180000.0,179999.0
SP267788,51990.0,51990.0
SP267762,180000.0,137143.0
SP267717,28000.0,28000.333333333332
SP267705,336000.0,320000.0
SP267632,40000.0,32558.4
SP267610,37900.0,31500.0
SP267563,89000.0,89000.0
SP267552,812000.0,819999.6
SP267550,75000.0,63000.0
SP267530,135000.0,107959.0
SP267479,7500.0,7143.0
SP267291,46000.0,45500.0
SP267247,89600.0,85333.0
SP026917,220000.0,216000.0
SP026904,52000.0,55238.0
SP026681,124600.0,119248.0
SP026679,131000.0,114477.0
SP026677,72000.0,68571.0
SP026668,47000.0,43899.0
SP026666,250000.0,214673.0
SP026665,27000.0,22000.0
SP026658,210000.0,198063.0
SP026652,300000.0,272387.0
SP026622,22400.0,30000.0
SP026597,90000.0,90000.0
SP026519,131500.0,131501.0
SP026512,153000.0,145714.0
SP026510,21000.0,21000.0
SP026475,64000.0,55555.0
SP026431,309000.0,294286.0
SP026419,153600.0,153600.5
SP026371,150000.0,138000.0
SP026363,135500.0,129048.0
SP026347,23000.0,20571.0
SP026318,252000.0,252000.0
SP026295,132000.0,125714.0
SP026273,53000.0,53000.0
SP026243,268500.0,230000.0
SP026238,33000.0,32999.0
SP026225,25800.0,24571.0
SP026140,60000.0,52381.0
SP026128,175000.0,154955.0
SP026057,20000.0,20311.0
SP026018,8000.0,10000.0
SP026013,38600.0,36669.0
SP026001,26100.0,21000.0
SP025973,35000.0,33333.0
SP025970,24000.0,23000.260869565216
SP025967,300000.0,284460.0
SP025946,126000.0,126000.0
SP025920,260000.0,247619.0
SP025915,30000.0,30000.6
SP025914,56000.0,56000.5
SP025885,47000.0,46999.0
SP025844,30000.0,30000.25
SP025843,26000.0,28571.0
SP025839,232000.0,170000.0
SP025837,70000.0,58000.0
SP025836,37500.0,35714.0
SP025790,37500.0,29000.0
SP025692,55000.0,46500.0
SP025690,55000.0,58000.0
SP025685,57000.0,48000.0
SP025656,112500.0,112501.0
SP025624,22000.0,22001.7
SP025608,312000.0,23199.760416666668
SP025603,143990.0,137133.0
SP025599,158000.0,150476.0
SP025531,122000.0,108000.0
SP022635,33600.0,28957.0
SP402104,,230000.0
SP2724865,,131429.0
SP2724146,,387450.0
SP2724126,,27000.0
SP2723971,,368999.5
SP2723218,,230000.0
SP2723104,,45000.0
SP2723025,,599000.0
SP2722556,,392000.0
SP2722411,,
SP2722202,,
SP2722148,,
SP2722112,,442000.0
SP2721853,,255455.0
SP2721674,,
SP2721637,,
SP2721564,,
SP2721556,,
SP2721551,,
SP2721550,,
SP2721526,,
SP2721509,,
SP2721488,,
SP2721480,,
SP2721467,,
SP2721463,,
SP2721441,,
SP2721437,,
SP2721418,,
SP2721406,,
SP2721363,,114800.0
SP2721362,,
SP2721357,,
SP2721345,,33000.4
SP2721333,,
SP2721295,,
SP2721259,,
SP2721255,,
SP2721253,,
SP2721237,,
SP2721209,,
SP2721183,,
SP2721180,,
SP2721163,,
SP2721128,,
SP2721096,,
SP2721090,,
SP2721082,,
SP2721050,,
SP2721034,,
SP2721030,,600000.0
SP2721014,,
SP2720995,,
SP2720956,,
SP2720869,,
SP2720863,,
SP2720837,,
SP2720831,,
SP2720829,,
SP2720821,,
SP2720796,,
SP2720785,,
SP2720765,,
SP2720738,,
SP2720724,,
SP2720713,,
SP2720699,,
SP2720688,,
SP2720657,,
SP2720602,,
SP2720596,,15000000.0
SP2720595,,
SP2720586,,
SP2720580,,
SP2720576,,
SP2720574,,
SP2720539,,
SP2720537,,
SP2720523,,
SP2720487,,23000.0
SP2720450,,
SP2720413,,
SP2720402,,
SP2720380,,
SP2720357,,
SP2720347,,
SP2720330,,
SP2720313,,
SP2720282,,
SP2720279,,
SP2720262,,
SP2720219,,
SP2720174,,
SP2720154,,
SP2720123,,
SP2720093,,
SP2720079,,
SP2720055,,118000.0
SP2720008,,
SP2719996,,
SP2719990,,
SP2719961,,
SP2719946,,
SP2719937,,
SP2719899,,
SP2719886,,
SP2719843,,
SP2719837,,
SP2719779,,
SP2719748,,
SP2719741,,
SP2719712,,
SP2719672,,
SP2719605,,
SP2719579,,210000.0
SP2719577,,
SP2719564,,
SP2719551,,
SP2719539,,
SP2719524,,
SP2719522,,
SP2719519,,
SP2719512,,4535060.0
SP2719509,,
SP2719464,,
SP2719351,,
SP2719314,,
SP2719279,,
SP2719277,,
SP2719252,,
SP2719202,,
SP2719200,,
SP2719187,,
SP2719182,,
SP2719180,,
SP2719168,,
SP2719161,,
SP2719156,,
SP2719155,,
SP2719130,,450000.0
SP2719123,,
SP2719104,,
SP2719073,,
SP2719063,,
SP2719062,,
SP2719059,,
SP2719057,,
SP2719039,,
SP2719038,,
SP2719036,,
SP2719030,,
SP2719007,,
SP2719005,,
SP2719004,,
SP2718999,,
SP2718993,,
SP2718938,,177001.0
SP2718922,,
SP2718905,,
SP2718901,,
SP2718823,,
SP2718793,,
SP2718790,,
SP2718712,,
SP2718708,,
SP2718690,,
SP2718663,,
SP2718657,,
SP2718655,,
SP2718577,,
SP2718573,,
SP2718331,,144900.0
SP2718285,,
SP2718244,,
SP2718214,,115000.0
SP2718164,,280500.0
SP2718070,,
SP2718058,,363000.0
SP2718014,,
SP2717978,,
SP2717976,,
SP2717932,,
SP2717931,,
SP2717924,,
SP2717858,,
SP2717752,,
SP2717743,,
SP2717733,,
SP2717697,,
SP2717689,,333000.0
SP2717674,,
SP2717584,,
SP2717573,,
SP2717569,,
SP2717561,,66000.0
SP2717547,,
SP2717535,,
SP2717518,,
SP2717507,,255000.0
SP2717385,,
SP2717333,,
SP2717332,,
SP2717324,,
SP2717299,,
SP2717269,,
SP2717259,,
SP2717246,,
SP2717240,,
SP2717219,,
SP2717214,,
SP2717179,,
SP2717171,,
SP2717161,,
SP2717067,,
SP2717008,,
SP2716885,,1176000.0
SP2716853,,
SP2716823,,
SP2716781,,
SP2716728,,
SP2716719,,
SP2716662,,
SP2716631,,79443.0
SP2716601,,
SP2716575,,
SP2716574,,
SP2716573,,
SP2716551,,
SP2716548,,
SP2716544,,
SP2716523,,
SP2716516,,
SP2716510,,
SP2716506,,
SP2716498,,
SP2716349,,
SP2716348,,
SP2716335,,
SP2716325,,
SP2716246,,
SP2716231,,
SP2716216,,
SP2716202,,
SP2716160,,
SP2716137,,
SP2716115,,
SP2716056,,
SP2715964,,
SP2715955,,
SP2715928,,
SP2715893,,109000.4
SP2715890,,
SP2715862,,
SP2715850,,
SP2715825,,
SP2715771,,278000.0
SP2715713,,1002000.0
SP2715709,,50000.0
SP2715675,,
SP2715667,,
SP2715648,,
SP2715646,,
SP2715631,,
SP2715604,,200000.0
SP2715599,,
SP2715577,,
SP2715556,,239999.66666666666
SP2715552,,
SP2715529,,
SP2715475,,
SP2715415,,
SP2715379,,
SP2715344,,
SP2715307,,
SP2715232,,
SP2715224,,
SP2715193,,
SP2715191,,
SP2715068,,
SP2714997,,
SP2714989,,162000.0
SP2714985,,
SP2714938,,
SP2714936,,
SP2714884,,
SP2714858,,
SP2714844,,
SP2714843,,
SP2714811,,
SP2714809,,
SP2714797,,
SP2714759,,
SP2714739,,
SP2714721,,
SP2714711,,
SP2714676,,
SP2714657,,276190.0
SP2714624,,
SP2714603,,
SP2714600,,
SP2714582,,
SP2714568,,
SP2714507,,
SP2714477,,
SP2714475,,
SP2714412,,
SP2714341,,
SP2714309,,
SP2714249,,50000.0
SP2714190,,
SP2714187,,
SP2714096,,
SP2713853,,
SP2713840,,300000.0
SP2713817,,771000.0
SP2713799,,
SP2713787,,
SP271374,,
SP2713629,,
SP2713580,,
SP2713535,,
SP2713485,,
SP2713466,,
SP2713407,,
SP2713327,,
SP2713282,,
SP2713264,,
SP2713255,,
SP2713218,,
SP2713179,,
SP2713092,,
SP2713025,,
SP2712990,,
SP2712982,,
SP2712963,,
SP2712896,,
SP2712889,,
SP2712879,,
SP2712824,,
SP2712804,,
SP2712800,,
SP2712796,,
SP2712784,,
SP2712779,,
SP2712737,,
SP2712707,,65501.0
SP2712672,,
SP2712637,,
SP2712618,,
SP2712596,,
SP2712577,,
SP2712560,,
SP271255,,148000.0
SP2712514,,150000.0
SP2712493,,
SP2712446,,
SP2712433,,
SP2712429,,
SP2712266,,50000.0
SP2712254,,
SP2712180,,
SP2712159,,
SP2712152,,
SP2712132,,
SP2712123,,
SP2711982,,
SP2711978,,
SP2711973,,
SP2711950,,
SP2711883,,
SP2711852,,
SP2711835,,53999.0
SP2711806,,329999.0
SP2711796,,
SP2711772,,
SP2711769,,
SP2711752,,
SP2711743,,
SP2711707,,1000000.0
SP2711700,,
SP2711662,,
SP2711635,,
SP2711614,,
SP271157,,40000.0
SP2711561,,
SP2711521,,
SP2711474,,330000.0
SP2711431,,91042.5
SP2711358,,
SP2711338,,172000.0
SP2711313,,
SP2711305,,
SP2711297,,2354000.0
SP2711220,,
SP2711100,,
SP2711075,,129000.0
SP2711006,,262000.0
SP2710979,,
SP2710966,,
SP2710955,,555000.0
SP2710921,,171428.0
SP2710884,,
SP2710873,,200895.0
SP2710839,,
SP2710830,,
SP2710777,,
SP2710773,,792000.0
SP2710767,,300000.0
SP2710756,,16500.0
SP2710749,,189445.0
SP2710737,,
SP2710678,,
SP2710563,,35229.0
SP2710548,,60000.0
SP2710546,,
SP2710524,,
SP271031,,30497.0
SP2710250,,595000.0
SP2710222,,750000.0
SP2710217,,80500.0
SP2710175,,
SP2710173,,
SP2710019,,
SP2709940,,
SP2709933,,60000.0
SP2709932,,270000.0
SP2709914,,
SP2709816,,150000.0
SP2709803,,
SP2709801,,
SP2709756,,
SP270974,,
SP2709728,,154000.375
SP2709726,,
SP2709698,,
SP2709690,,60000.0
SP270968,,
SP270958,,117000.0
SP2709548,,1300000.0
SP2709370,,
SP2709340,,335238.0
SP2709280,,
SP2709212,,
SP2709209,,
SP2709179,,
SP2709152,,
SP2709135,,
SP2708971,,
SP270893,,
SP2708848,,
SP2708775,,
SP2708679,,
SP270866,,40000.0
SP2708638,,255000.0
SP2708402,,
SP2708280,,
SP2708117,,
SP2708031,,
SP2707917,,
SP2707915,,
SP2707914,,
SP2707886,,
SP2707865,,
SP2707823,,
SP2707813,,
SP2707729,,
SP2707716,,
SP2707597,,
SP2707554,,
SP2707376,,
SP2707131,,
SP2707086,,
SP2707015,,
SP2707004,,
SP270691,,
SP2706816,,15750.0
SP2706640,,
SP2706589,,
SP2706547,,
SP2706412,,
SP2706409,,
SP2706382,,
SP2706350,,
SP2706285,,550000.0
SP2706247,,75000.5
SP2706162,,
SP2706114,,
SP2706062,,
SP2705990,,
SP2705637,,
SP2705612,,
SP269956,,
SP269641,,
SP269526,,
SP269472,,
SP269455,,
SP269214,,18900.0
SP268950,,
SP268822,,109086.0
SP268804,,14000.0
SP268650,,125002.5
SP268232,,
SP268114,,
SP267984,,81000.0
SP267971,,47900.0
SP267874,,
SP267836,,26000.0
SP267732,,205714.0
SP267724,,139900.0
SP267680,,
SP267570,,
SP267297,,
SP267272,,
SP026820,,
SP026816,,
SP026793,,
SP026757,,
SP026753,,
SP026720,,
SP026706,,
SP026623,,60000.0
SP026480,,
SP026392,,
SP026305,,
SP026280,,110444.0
SP026218,,
SP026210,,620001.0
SP026142,,
SP026049,,165714.0
SP025761,,85999.0
SP025758,,124000.0
SP025467,,
SP025227,,
SP023941,,
SP023048,,
SP022019,,
SP021884,,
SP021479,,
SP021452,,
SP021422,,
SP021160,,
SP020104,,
SP019784,,118399.0
SP018528,,
SP017387,,373000.0
SP016664,,
SP015058,,
SP013128,,
SP012425,,
SP010704,,
SP010386,,
SP010249,,268000.0
SP008932,,
SP008931,,
SP008100,,
SP007413,,
SP007146,,
SP006924,,
SP006530,,
SP006132,,
SP004916,,17000.0
SP004544,,
SP004425,,
SP004383,,
SP004317,,
SP003388,,
SP003026,,
SP002987,,
SP002960,,
SP001814,,
SP001788,,83000.0
SP001445,,
SP001362,,
SP001325,,
SP000536,,
SP2725253,,175208.0
SP2724933,,39583.0
SP2720894,,51330.0
SP2720884,,36438.0
SP2719504,,44830.0
SP2718866,,40171.0
SP2718590,,94176.0
SP270891,,40000.0
SP270816,,25549.7
SP270631,,60000.0
SP270434,,19415.0
SP270092,,26191.0
SP269964,,63960.0
SP268889,,95854.0
SP268395,,23000.0
SP268387,,41520.0
SP267931,,172000.0
SP267301,,86614.0
SP026263,,106000.0
SP2709111,,56500.454545454544
SP402311,,28125.0
SP269647,,107000.0
SP026090,,33333.0
SP2723782,,285905.0
SP2723989,440000.0,294999.5
SP2722694,,105000.0
SP2723470,126000.0,105000.0
SP2724100,240000.0,240000.0
SP2720075,60000.0,56019.0
